[
{
  "model": "adventure.adventure",
  "pk": 1,
  "fields": {
    "name": "The Beginner's Cave",
    "description": "The Beginner's Cave has been set up by the Warlord as a service to all Free Adventurers, giving them a chance to try their skills in a not-too-dangerous setting.",
    "full_description": "Let us all toast the Warlord for restocking the cave daily!\r\n\r\nOnly beginners are supposed to enter the cave (but any character can). Knight Marshall William Misslefire is on duty to prevent inexperienced adventurers from doing anything really foolish (like entering the cave with no weapon at all!).\r\n\r\nTo return to the Main Hall, just leave the cave (by getting to the cave entrance and moving north). Once you have done so, Sam Slicker, the local dealer for treasures and booty, will pay you in gold for any items that you have collected (with the price adjusted slightly depending upon your charisma).\r\n\r\nCONVERSION NOTES:\r\n\r\nThis is the true and original Beginner's Cave and actually the first Classic Eamon adventure, written by Donald Brown nearly three decades ago. In an attempt to preserve the flavor of the Classic Eamon experience, very little new content was added upon conversion to Eamon Deluxe conversion. Just the standard Eamon Deluxe enhancements and the addition of a few embedded artifacts which were  already hinted at in the descriptions. Although designed as a simple outing for new characters, the Beginner's Cave captures the unique experience of Eamon very well and is, in many ways, one of the best adventures ever written for it.",
    "intro_text": "",
    "intro_question": "",
    "slug": "the-beginners-cave",
    "edx": "E001",
    "edx_version": 5.0,
    "edx_room_offset": 1,
    "edx_artifact_offset": 1,
    "edx_effect_offset": 1,
    "edx_monster_offset": 1,
    "edx_program_file": "BEGCAVES.BAS",
    "directions": 6,
    "dead_body_id": 16,
    "active": true,
    "first_hint": 2,
    "last_hint": 3,
    "date_published": "2017-02-04",
    "featured_month": null,
    "authors": [
      1
    ]
  }
},
{
  "model": "taggit.tag",
  "pk": 1,
  "fields": {
    "name": "beginner",
    "slug": "beginner"
  }
},
{
  "model": "taggit.tag",
  "pk": 6,
  "fields": {
    "name": "classic",
    "slug": "classic"
  }
},
{
  "model": "taggit.taggeditem",
  "pk": 1,
  "fields": {
    "tag": 1,
    "content_type": [
      "adventure",
      "adventure"
    ],
    "object_id": 1
  }
},
{
  "model": "taggit.taggeditem",
  "pk": 30,
  "fields": {
    "tag": 6,
    "content_type": [
      "adventure",
      "adventure"
    ],
    "object_id": 1
  }
},
{
  "model": "adventure.author",
  "pk": 1,
  "fields": {
    "name": "Donald Brown"
  }
},
{
  "model": "adventure.room",
  "pk": 1,
  "fields": {
    "adventure": 1,
    "room_id": 1,
    "name": "You are at the cave entrance. (N/S)",
    "is_markdown": false,
    "description": "The entrance is to the south with a sign over it reading, \"Beginners Only!\". To the north is the road back to town.",
    "effect": null,
    "effect_inline": null,
    "is_dark": false,
    "dark_name": null,
    "dark_description": null,
    "data": null
  }
},
{
  "model": "adventure.room",
  "pk": 2,
  "fields": {
    "adventure": 1,
    "room_id": 2,
    "name": "You are in a dark north/south tunnel.",
    "is_markdown": false,
    "description": "To the north you see bright light streaming in from the outside. To the south you see flickering torch light, but you cannot make out any details.",
    "effect": null,
    "effect_inline": null,
    "is_dark": false,
    "dark_name": null,
    "dark_description": null,
    "data": null
  }
},
{
  "model": "adventure.room",
  "pk": 3,
  "fields": {
    "adventure": 1,
    "room_id": 3,
    "name": "You are in the west side chamber. (E)",
    "is_markdown": false,
    "description": "It is very cold here and the only light comes in dimly from the large chamber to the east.",
    "effect": null,
    "effect_inline": null,
    "is_dark": false,
    "dark_name": null,
    "dark_description": null,
    "data": null
  }
},
{
  "model": "adventure.room",
  "pk": 4,
  "fields": {
    "adventure": 1,
    "room_id": 4,
    "name": "You are in a large chamber. (N/S/E/W)",
    "is_markdown": false,
    "description": "You are in a huge chamber where the roof rises out of sight. Burning torches line the walls making it easy to see. Tunnels lead north and south, and there are small chambers to the east and west.",
    "effect": null,
    "effect_inline": null,
    "is_dark": false,
    "dark_name": null,
    "dark_description": null,
    "data": null
  }
},
{
  "model": "adventure.room",
  "pk": 5,
  "fields": {
    "adventure": 1,
    "room_id": 5,
    "name": "You are in the east side chamber. (W)",
    "is_markdown": false,
    "description": "It is very cold here and the only light comes in dimly from the large chamber to the west.",
    "effect": null,
    "effect_inline": null,
    "is_dark": false,
    "dark_name": null,
    "dark_description": null,
    "data": null
  }
},
{
  "model": "adventure.room",
  "pk": 6,
  "fields": {
    "adventure": 1,
    "room_id": 6,
    "name": "You are in a west cell. (E)",
    "is_markdown": false,
    "description": "You are in a small stark cell with a door on the east side of the room.",
    "effect": null,
    "effect_inline": null,
    "is_dark": false,
    "dark_name": null,
    "dark_description": null,
    "data": null
  }
},
{
  "model": "adventure.room",
  "pk": 7,
  "fields": {
    "adventure": 1,
    "room_id": 7,
    "name": "You are at the north end of a long passage. (N/S/E/W)",
    "is_markdown": false,
    "description": "A tunnel goes north and east and west are doors that are bolted shut. (Locking something in?). In the dim light you can see that the hall goes south but you cannot make out any details.",
    "effect": null,
    "effect_inline": null,
    "is_dark": false,
    "dark_name": null,
    "dark_description": null,
    "data": null
  }
},
{
  "model": "adventure.room",
  "pk": 8,
  "fields": {
    "adventure": 1,
    "room_id": 8,
    "name": "You are in an east cell. (W)",
    "is_markdown": false,
    "description": "You are in a small stark cell with a door on the west side of the room.",
    "effect": null,
    "effect_inline": null,
    "is_dark": false,
    "dark_name": null,
    "dark_description": null,
    "data": null
  }
},
{
  "model": "adventure.room",
  "pk": 9,
  "fields": {
    "adventure": 1,
    "room_id": 9,
    "name": "You are in a west cell. (E)",
    "is_markdown": false,
    "description": "You are in a small stark cell with a door on the east side.",
    "effect": null,
    "effect_inline": null,
    "is_dark": false,
    "dark_name": null,
    "dark_description": null,
    "data": null
  }
},
{
  "model": "adventure.room",
  "pk": 10,
  "fields": {
    "adventure": 1,
    "room_id": 10,
    "name": "You are at the middle of a long passage. (N/S/E/W)",
    "is_markdown": false,
    "description": "Doors are bolted on both sides of you (east and west). The hall extends north and south.",
    "effect": null,
    "effect_inline": null,
    "is_dark": false,
    "dark_name": null,
    "dark_description": null,
    "data": null
  }
},
{
  "model": "adventure.room",
  "pk": 11,
  "fields": {
    "adventure": 1,
    "room_id": 11,
    "name": "You are in an east cell. (W)",
    "is_markdown": false,
    "description": "You are in a small stark cell with a door on the west side.",
    "effect": null,
    "effect_inline": null,
    "is_dark": false,
    "dark_name": null,
    "dark_description": null,
    "data": null
  }
},
{
  "model": "adventure.room",
  "pk": 12,
  "fields": {
    "adventure": 1,
    "room_id": 12,
    "name": "You are in a west cell. (E)",
    "is_markdown": false,
    "description": "You are in a small stark cell with a door on the east side.",
    "effect": null,
    "effect_inline": null,
    "is_dark": false,
    "dark_name": null,
    "dark_description": null,
    "data": null
  }
},
{
  "model": "adventure.room",
  "pk": 13,
  "fields": {
    "adventure": 1,
    "room_id": 13,
    "name": "You are at the south end of a long passage. (N/S/E/W)",
    "is_markdown": false,
    "description": "To your great shock there are doors to the east and west. The hall goes north from here and a broken tunnel goes south.",
    "effect": null,
    "effect_inline": null,
    "is_dark": false,
    "dark_name": null,
    "dark_description": null,
    "data": null
  }
},
{
  "model": "adventure.room",
  "pk": 14,
  "fields": {
    "adventure": 1,
    "room_id": 14,
    "name": "You are in an east cell. (W)",
    "is_markdown": false,
    "description": "You are in a small stark cell with a door on the west side.",
    "effect": null,
    "effect_inline": null,
    "is_dark": false,
    "dark_name": null,
    "dark_description": null,
    "data": null
  }
},
{
  "model": "adventure.room",
  "pk": 15,
  "fields": {
    "adventure": 1,
    "room_id": 15,
    "name": "You are in a broken north/south tunnel.",
    "is_markdown": false,
    "description": "The sides of the tunnel are very broken and rough. You see torch light to the south. The east wall has a smooth shape in the center, about the size of a door.",
    "effect": null,
    "effect_inline": null,
    "is_dark": false,
    "dark_name": null,
    "dark_description": null,
    "data": null
  }
},
{
  "model": "adventure.room",
  "pk": 16,
  "fields": {
    "adventure": 1,
    "room_id": 16,
    "name": "You are in an east/west tunnel with faint music.",
    "is_markdown": false,
    "description": "You are in a secret east/west passage. You hear a faint melody coming from the east.",
    "effect": null,
    "effect_inline": null,
    "is_dark": false,
    "dark_name": null,
    "dark_description": null,
    "data": null
  }
},
{
  "model": "adventure.room",
  "pk": 17,
  "fields": {
    "adventure": 1,
    "room_id": 17,
    "name": "You are in an east/west tunnel with loud music.",
    "is_markdown": false,
    "description": "You can very clearly hear religious music being played and can smell incense from the east.",
    "effect": null,
    "effect_inline": null,
    "is_dark": false,
    "dark_name": null,
    "dark_description": null,
    "data": null
  }
},
{
  "model": "adventure.room",
  "pk": 18,
  "fields": {
    "adventure": 1,
    "room_id": 18,
    "name": "You are at the temple. (W)",
    "is_markdown": false,
    "description": "You are in a temple that has paintings of great deeds covering the walls. There are two altars here, one covered with gold paint and the other stained with blood. The only exit leads to the west.",
    "effect": null,
    "effect_inline": null,
    "is_dark": false,
    "dark_name": null,
    "dark_description": null,
    "data": null
  }
},
{
  "model": "adventure.room",
  "pk": 19,
  "fields": {
    "adventure": 1,
    "room_id": 19,
    "name": "You are in the library. (E)",
    "is_markdown": false,
    "description": "You are in what was obviously once a library. Most of the books have been destroyed, with the scraps left lying on the ground. A door, torn from its hinges, also lies on the floor. The exit is to the east.",
    "effect": null,
    "effect_inline": null,
    "is_dark": false,
    "dark_name": null,
    "dark_description": null,
    "data": null
  }
},
{
  "model": "adventure.room",
  "pk": 20,
  "fields": {
    "adventure": 1,
    "room_id": 20,
    "name": "You are at a T-intersection; North by E/W.",
    "is_markdown": false,
    "description": "A brightly burning torch is bolted to the south wall. Dark tunnels lead north and east. To the west is a place where once a door stood, but it has been torn from its hinges.",
    "effect": null,
    "effect_inline": null,
    "is_dark": false,
    "dark_name": null,
    "dark_description": null,
    "data": null
  }
},
{
  "model": "adventure.room",
  "pk": 21,
  "fields": {
    "adventure": 1,
    "room_id": 21,
    "name": "You are in an east/west tunnel.",
    "is_markdown": false,
    "description": "You are in an unremarkable tunnel. You can see torch light in both directions.",
    "effect": null,
    "effect_inline": null,
    "is_dark": false,
    "dark_name": null,
    "dark_description": null,
    "data": null
  }
},
{
  "model": "adventure.room",
  "pk": 22,
  "fields": {
    "adventure": 1,
    "room_id": 22,
    "name": "You are at the top of a stairway. (W/D)",
    "is_markdown": false,
    "description": "You are at an unremarkable stone landing at the top of a flight of stairs. A single torch is bolted to the wall. A tunnel heads back west. It looks very dark down there...",
    "effect": null,
    "effect_inline": null,
    "is_dark": false,
    "dark_name": null,
    "dark_description": null,
    "data": null
  }
},
{
  "model": "adventure.room",
  "pk": 23,
  "fields": {
    "adventure": 1,
    "room_id": 23,
    "name": "You are at the bottom of a stairway. (E/U)",
    "is_markdown": false,
    "description": "You are at an unremarkable stone landing at the bottom of a flight of stairs. A light can be seen at the top and a very dim light can be seen down the tunnel to the east.",
    "effect": null,
    "effect_inline": null,
    "is_dark": false,
    "dark_name": null,
    "dark_description": null,
    "data": null
  }
},
{
  "model": "adventure.room",
  "pk": 24,
  "fields": {
    "adventure": 1,
    "room_id": 24,
    "name": "You are in an east/west tunnel.",
    "is_markdown": false,
    "description": "You are in a very rough tunnel carved out of a series of natural caverns. Dim light can be seen in both directions.",
    "effect": null,
    "effect_inline": null,
    "is_dark": false,
    "dark_name": null,
    "dark_description": null,
    "data": null
  }
},
{
  "model": "adventure.room",
  "pk": 25,
  "fields": {
    "adventure": 1,
    "room_id": 25,
    "name": "You are in an east/west tunnel smelling of salt.",
    "is_markdown": false,
    "description": "You see light to the east, and feel a cool wind coming from there. In the wind you smell a hint of salt.",
    "effect": null,
    "effect_inline": null,
    "is_dark": false,
    "dark_name": null,
    "dark_description": null,
    "data": null
  }
},
{
  "model": "adventure.room",
  "pk": 26,
  "fields": {
    "adventure": 1,
    "room_id": 26,
    "name": "You are in the Pirate's Cove. (E/W)",
    "is_markdown": false,
    "description": "You are at a small bay. Cliffs rise on either side of you so that the only exit is back in the tunnel to the west. A broken old boat is resting on the bank of the rough and stormy sea. All around you is salt water, as far as the eye can see.",
    "effect": null,
    "effect_inline": null,
    "is_dark": false,
    "dark_name": null,
    "dark_description": null,
    "data": null
  }
},
{
  "model": "adventure.roomexit",
  "pk": 1,
  "fields": {
    "adventure": 1,
    "direction": "n",
    "room_from": 1,
    "room_to": -999,
    "door_id": null,
    "effect_id": null
  }
},
{
  "model": "adventure.roomexit",
  "pk": 2,
  "fields": {
    "adventure": 1,
    "direction": "s",
    "room_from": 1,
    "room_to": 2,
    "door_id": null,
    "effect_id": null
  }
},
{
  "model": "adventure.roomexit",
  "pk": 11,
  "fields": {
    "adventure": 1,
    "direction": "n",
    "room_from": 2,
    "room_to": 1,
    "door_id": null,
    "effect_id": null
  }
},
{
  "model": "adventure.roomexit",
  "pk": 12,
  "fields": {
    "adventure": 1,
    "direction": "s",
    "room_from": 2,
    "room_to": 4,
    "door_id": null,
    "effect_id": null
  }
},
{
  "model": "adventure.roomexit",
  "pk": 23,
  "fields": {
    "adventure": 1,
    "direction": "e",
    "room_from": 3,
    "room_to": 4,
    "door_id": null,
    "effect_id": null
  }
},
{
  "model": "adventure.roomexit",
  "pk": 31,
  "fields": {
    "adventure": 1,
    "direction": "n",
    "room_from": 4,
    "room_to": 2,
    "door_id": null,
    "effect_id": null
  }
},
{
  "model": "adventure.roomexit",
  "pk": 32,
  "fields": {
    "adventure": 1,
    "direction": "s",
    "room_from": 4,
    "room_to": 7,
    "door_id": null,
    "effect_id": null
  }
},
{
  "model": "adventure.roomexit",
  "pk": 33,
  "fields": {
    "adventure": 1,
    "direction": "e",
    "room_from": 4,
    "room_to": 5,
    "door_id": null,
    "effect_id": null
  }
},
{
  "model": "adventure.roomexit",
  "pk": 34,
  "fields": {
    "adventure": 1,
    "direction": "w",
    "room_from": 4,
    "room_to": 3,
    "door_id": null,
    "effect_id": null
  }
},
{
  "model": "adventure.roomexit",
  "pk": 44,
  "fields": {
    "adventure": 1,
    "direction": "w",
    "room_from": 5,
    "room_to": 4,
    "door_id": null,
    "effect_id": null
  }
},
{
  "model": "adventure.roomexit",
  "pk": 53,
  "fields": {
    "adventure": 1,
    "direction": "e",
    "room_from": 6,
    "room_to": 7,
    "door_id": null,
    "effect_id": null
  }
},
{
  "model": "adventure.roomexit",
  "pk": 61,
  "fields": {
    "adventure": 1,
    "direction": "n",
    "room_from": 7,
    "room_to": 4,
    "door_id": null,
    "effect_id": null
  }
},
{
  "model": "adventure.roomexit",
  "pk": 62,
  "fields": {
    "adventure": 1,
    "direction": "s",
    "room_from": 7,
    "room_to": 10,
    "door_id": null,
    "effect_id": null
  }
},
{
  "model": "adventure.roomexit",
  "pk": 63,
  "fields": {
    "adventure": 1,
    "direction": "e",
    "room_from": 7,
    "room_to": 8,
    "door_id": null,
    "effect_id": null
  }
},
{
  "model": "adventure.roomexit",
  "pk": 64,
  "fields": {
    "adventure": 1,
    "direction": "w",
    "room_from": 7,
    "room_to": 6,
    "door_id": null,
    "effect_id": null
  }
},
{
  "model": "adventure.roomexit",
  "pk": 74,
  "fields": {
    "adventure": 1,
    "direction": "w",
    "room_from": 8,
    "room_to": 7,
    "door_id": null,
    "effect_id": null
  }
},
{
  "model": "adventure.roomexit",
  "pk": 83,
  "fields": {
    "adventure": 1,
    "direction": "e",
    "room_from": 9,
    "room_to": 10,
    "door_id": null,
    "effect_id": null
  }
},
{
  "model": "adventure.roomexit",
  "pk": 91,
  "fields": {
    "adventure": 1,
    "direction": "n",
    "room_from": 10,
    "room_to": 7,
    "door_id": null,
    "effect_id": null
  }
},
{
  "model": "adventure.roomexit",
  "pk": 92,
  "fields": {
    "adventure": 1,
    "direction": "s",
    "room_from": 10,
    "room_to": 13,
    "door_id": null,
    "effect_id": null
  }
},
{
  "model": "adventure.roomexit",
  "pk": 93,
  "fields": {
    "adventure": 1,
    "direction": "e",
    "room_from": 10,
    "room_to": 11,
    "door_id": null,
    "effect_id": null
  }
},
{
  "model": "adventure.roomexit",
  "pk": 94,
  "fields": {
    "adventure": 1,
    "direction": "w",
    "room_from": 10,
    "room_to": 9,
    "door_id": null,
    "effect_id": null
  }
},
{
  "model": "adventure.roomexit",
  "pk": 104,
  "fields": {
    "adventure": 1,
    "direction": "w",
    "room_from": 11,
    "room_to": 10,
    "door_id": null,
    "effect_id": null
  }
},
{
  "model": "adventure.roomexit",
  "pk": 113,
  "fields": {
    "adventure": 1,
    "direction": "e",
    "room_from": 12,
    "room_to": 13,
    "door_id": null,
    "effect_id": null
  }
},
{
  "model": "adventure.roomexit",
  "pk": 121,
  "fields": {
    "adventure": 1,
    "direction": "n",
    "room_from": 13,
    "room_to": 10,
    "door_id": null,
    "effect_id": null
  }
},
{
  "model": "adventure.roomexit",
  "pk": 122,
  "fields": {
    "adventure": 1,
    "direction": "s",
    "room_from": 13,
    "room_to": 15,
    "door_id": null,
    "effect_id": null
  }
},
{
  "model": "adventure.roomexit",
  "pk": 123,
  "fields": {
    "adventure": 1,
    "direction": "e",
    "room_from": 13,
    "room_to": 14,
    "door_id": null,
    "effect_id": null
  }
},
{
  "model": "adventure.roomexit",
  "pk": 124,
  "fields": {
    "adventure": 1,
    "direction": "w",
    "room_from": 13,
    "room_to": 12,
    "door_id": null,
    "effect_id": null
  }
},
{
  "model": "adventure.roomexit",
  "pk": 134,
  "fields": {
    "adventure": 1,
    "direction": "w",
    "room_from": 14,
    "room_to": 13,
    "door_id": null,
    "effect_id": null
  }
},
{
  "model": "adventure.roomexit",
  "pk": 141,
  "fields": {
    "adventure": 1,
    "direction": "n",
    "room_from": 15,
    "room_to": 13,
    "door_id": null,
    "effect_id": null
  }
},
{
  "model": "adventure.roomexit",
  "pk": 142,
  "fields": {
    "adventure": 1,
    "direction": "s",
    "room_from": 15,
    "room_to": 20,
    "door_id": null,
    "effect_id": null
  }
},
{
  "model": "adventure.roomexit",
  "pk": 143,
  "fields": {
    "adventure": 1,
    "direction": "e",
    "room_from": 15,
    "room_to": 16,
    "door_id": 14,
    "effect_id": null
  }
},
{
  "model": "adventure.roomexit",
  "pk": 153,
  "fields": {
    "adventure": 1,
    "direction": "e",
    "room_from": 16,
    "room_to": 17,
    "door_id": null,
    "effect_id": null
  }
},
{
  "model": "adventure.roomexit",
  "pk": 154,
  "fields": {
    "adventure": 1,
    "direction": "w",
    "room_from": 16,
    "room_to": 15,
    "door_id": null,
    "effect_id": null
  }
},
{
  "model": "adventure.roomexit",
  "pk": 163,
  "fields": {
    "adventure": 1,
    "direction": "e",
    "room_from": 17,
    "room_to": 18,
    "door_id": null,
    "effect_id": null
  }
},
{
  "model": "adventure.roomexit",
  "pk": 164,
  "fields": {
    "adventure": 1,
    "direction": "w",
    "room_from": 17,
    "room_to": 16,
    "door_id": null,
    "effect_id": null
  }
},
{
  "model": "adventure.roomexit",
  "pk": 174,
  "fields": {
    "adventure": 1,
    "direction": "w",
    "room_from": 18,
    "room_to": 17,
    "door_id": null,
    "effect_id": null
  }
},
{
  "model": "adventure.roomexit",
  "pk": 183,
  "fields": {
    "adventure": 1,
    "direction": "e",
    "room_from": 19,
    "room_to": 20,
    "door_id": null,
    "effect_id": null
  }
},
{
  "model": "adventure.roomexit",
  "pk": 191,
  "fields": {
    "adventure": 1,
    "direction": "n",
    "room_from": 20,
    "room_to": 15,
    "door_id": null,
    "effect_id": null
  }
},
{
  "model": "adventure.roomexit",
  "pk": 193,
  "fields": {
    "adventure": 1,
    "direction": "e",
    "room_from": 20,
    "room_to": 21,
    "door_id": null,
    "effect_id": null
  }
},
{
  "model": "adventure.roomexit",
  "pk": 194,
  "fields": {
    "adventure": 1,
    "direction": "w",
    "room_from": 20,
    "room_to": 19,
    "door_id": null,
    "effect_id": null
  }
},
{
  "model": "adventure.roomexit",
  "pk": 203,
  "fields": {
    "adventure": 1,
    "direction": "e",
    "room_from": 21,
    "room_to": 22,
    "door_id": null,
    "effect_id": null
  }
},
{
  "model": "adventure.roomexit",
  "pk": 204,
  "fields": {
    "adventure": 1,
    "direction": "w",
    "room_from": 21,
    "room_to": 20,
    "door_id": null,
    "effect_id": null
  }
},
{
  "model": "adventure.roomexit",
  "pk": 214,
  "fields": {
    "adventure": 1,
    "direction": "w",
    "room_from": 22,
    "room_to": 21,
    "door_id": null,
    "effect_id": null
  }
},
{
  "model": "adventure.roomexit",
  "pk": 216,
  "fields": {
    "adventure": 1,
    "direction": "d",
    "room_from": 22,
    "room_to": 23,
    "door_id": null,
    "effect_id": null
  }
},
{
  "model": "adventure.roomexit",
  "pk": 223,
  "fields": {
    "adventure": 1,
    "direction": "e",
    "room_from": 23,
    "room_to": 24,
    "door_id": null,
    "effect_id": null
  }
},
{
  "model": "adventure.roomexit",
  "pk": 225,
  "fields": {
    "adventure": 1,
    "direction": "u",
    "room_from": 23,
    "room_to": 22,
    "door_id": null,
    "effect_id": null
  }
},
{
  "model": "adventure.roomexit",
  "pk": 233,
  "fields": {
    "adventure": 1,
    "direction": "e",
    "room_from": 24,
    "room_to": 25,
    "door_id": null,
    "effect_id": null
  }
},
{
  "model": "adventure.roomexit",
  "pk": 234,
  "fields": {
    "adventure": 1,
    "direction": "w",
    "room_from": 24,
    "room_to": 23,
    "door_id": null,
    "effect_id": null
  }
},
{
  "model": "adventure.roomexit",
  "pk": 243,
  "fields": {
    "adventure": 1,
    "direction": "e",
    "room_from": 25,
    "room_to": 26,
    "door_id": null,
    "effect_id": null
  }
},
{
  "model": "adventure.roomexit",
  "pk": 244,
  "fields": {
    "adventure": 1,
    "direction": "w",
    "room_from": 25,
    "room_to": 24,
    "door_id": null,
    "effect_id": null
  }
},
{
  "model": "adventure.roomexit",
  "pk": 253,
  "fields": {
    "adventure": 1,
    "direction": "e",
    "room_from": 26,
    "room_to": -1,
    "door_id": null,
    "effect_id": null
  }
},
{
  "model": "adventure.roomexit",
  "pk": 254,
  "fields": {
    "adventure": 1,
    "direction": "w",
    "room_from": 26,
    "room_to": 25,
    "door_id": null,
    "effect_id": null
  }
},
{
  "model": "adventure.artifact",
  "pk": 1,
  "fields": {
    "adventure": 1,
    "artifact_id": 1,
    "article": null,
    "name": "diamonds",
    "synonyms": null,
    "is_markdown": false,
    "description": "You see a large pile of gleaming diamonds here!",
    "effect": null,
    "effect_inline": null,
    "room_id": 3,
    "monster_id": null,
    "container_id": null,
    "guard_id": null,
    "weight": 3,
    "value": 200,
    "type": 1,
    "is_worn": false,
    "is_open": false,
    "key_id": null,
    "linked_door_id": null,
    "hardiness": null,
    "weapon_type": null,
    "hands": 1,
    "weapon_odds": null,
    "dice": null,
    "sides": null,
    "clothing_type": null,
    "armor_class": 0,
    "armor_type": null,
    "armor_penalty": 0,
    "get_all": true,
    "embedded": false,
    "hidden": false,
    "quantity": null,
    "effect_id": null,
    "num_effects": null,
    "data": null
  }
},
{
  "model": "adventure.artifact",
  "pk": 2,
  "fields": {
    "adventure": 1,
    "artifact_id": 2,
    "article": null,
    "name": "axe",
    "synonyms": null,
    "is_markdown": false,
    "description": "You see a standard Marcos axe here.",
    "effect": null,
    "effect_inline": null,
    "room_id": null,
    "monster_id": 4,
    "container_id": null,
    "guard_id": null,
    "weight": 8,
    "value": 20,
    "type": 2,
    "is_worn": false,
    "is_open": false,
    "key_id": null,
    "linked_door_id": null,
    "hardiness": null,
    "weapon_type": 1,
    "hands": 1,
    "weapon_odds": 0,
    "dice": 1,
    "sides": 6,
    "clothing_type": null,
    "armor_class": 0,
    "armor_type": null,
    "armor_penalty": 0,
    "get_all": true,
    "embedded": false,
    "hidden": false,
    "quantity": null,
    "effect_id": null,
    "num_effects": null,
    "data": null
  }
},
{
  "model": "adventure.artifact",
  "pk": 3,
  "fields": {
    "adventure": 1,
    "artifact_id": 3,
    "article": null,
    "name": "bottle",
    "synonyms": "label,strange potion,potion,bottle",
    "is_markdown": false,
    "description": "There is a bottle with a strange potion inside of it here! It has a label stuck to it that you could READ.",
    "effect": null,
    "effect_inline": null,
    "room_id": 5,
    "monster_id": null,
    "container_id": null,
    "guard_id": null,
    "weight": 2,
    "value": 50,
    "type": 6,
    "is_worn": false,
    "is_open": true,
    "key_id": null,
    "linked_door_id": null,
    "hardiness": null,
    "weapon_type": null,
    "hands": 1,
    "weapon_odds": null,
    "dice": 24,
    "sides": 1,
    "clothing_type": null,
    "armor_class": 0,
    "armor_type": null,
    "armor_penalty": 0,
    "get_all": true,
    "embedded": false,
    "hidden": false,
    "quantity": 1,
    "effect_id": null,
    "num_effects": null,
    "data": null
  }
},
{
  "model": "adventure.artifact",
  "pk": 4,
  "fields": {
    "adventure": 1,
    "artifact_id": 4,
    "article": null,
    "name": "sword",
    "synonyms": null,
    "is_markdown": false,
    "description": "There is a poor quality Marcos sword here.",
    "effect": null,
    "effect_inline": null,
    "room_id": null,
    "monster_id": 6,
    "container_id": null,
    "guard_id": null,
    "weight": 6,
    "value": 15,
    "type": 2,
    "is_worn": false,
    "is_open": false,
    "key_id": null,
    "linked_door_id": null,
    "hardiness": null,
    "weapon_type": 5,
    "hands": 1,
    "weapon_odds": -10,
    "dice": 1,
    "sides": 8,
    "clothing_type": null,
    "armor_class": 0,
    "armor_type": null,
    "armor_penalty": 0,
    "get_all": true,
    "embedded": false,
    "hidden": false,
    "quantity": null,
    "effect_id": null,
    "num_effects": null,
    "data": null
  }
},
{
  "model": "adventure.artifact",
  "pk": 5,
  "fields": {
    "adventure": 1,
    "artifact_id": 5,
    "article": null,
    "name": "sack of coins",
    "synonyms": null,
    "is_markdown": false,
    "description": "You find a sack with 50 gold coins inside!",
    "effect": null,
    "effect_inline": null,
    "room_id": 8,
    "monster_id": null,
    "container_id": null,
    "guard_id": null,
    "weight": 5,
    "value": 50,
    "type": 0,
    "is_worn": false,
    "is_open": false,
    "key_id": null,
    "linked_door_id": null,
    "hardiness": null,
    "weapon_type": null,
    "hands": 1,
    "weapon_odds": null,
    "dice": null,
    "sides": null,
    "clothing_type": null,
    "armor_class": 0,
    "armor_type": null,
    "armor_penalty": 0,
    "get_all": true,
    "embedded": false,
    "hidden": false,
    "quantity": null,
    "effect_id": null,
    "num_effects": null,
    "data": null
  }
},
{
  "model": "adventure.artifact",
  "pk": 6,
  "fields": {
    "adventure": 1,
    "artifact_id": 6,
    "article": null,
    "name": "ring",
    "synonyms": null,
    "is_markdown": false,
    "description": "As the Mimic dies, it rolls over and you find an unmarked gold ring!",
    "effect": null,
    "effect_inline": null,
    "room_id": null,
    "monster_id": 7,
    "container_id": null,
    "guard_id": null,
    "weight": 1,
    "value": 45,
    "type": 11,
    "is_worn": false,
    "is_open": false,
    "key_id": null,
    "linked_door_id": null,
    "hardiness": null,
    "weapon_type": null,
    "hands": 1,
    "weapon_odds": null,
    "dice": null,
    "sides": null,
    "clothing_type": 5,
    "armor_class": 0,
    "armor_type": null,
    "armor_penalty": 0,
    "get_all": true,
    "embedded": false,
    "hidden": false,
    "quantity": null,
    "effect_id": null,
    "num_effects": null,
    "data": null
  }
},
{
  "model": "adventure.artifact",
  "pk": 7,
  "fields": {
    "adventure": 1,
    "artifact_id": 7,
    "article": null,
    "name": "mace",
    "synonyms": null,
    "is_markdown": false,
    "description": "There is a high quality Marcos mace here.",
    "effect": null,
    "effect_inline": null,
    "room_id": null,
    "monster_id": 2,
    "container_id": null,
    "guard_id": null,
    "weight": 6,
    "value": 25,
    "type": 2,
    "is_worn": false,
    "is_open": false,
    "key_id": null,
    "linked_door_id": null,
    "hardiness": null,
    "weapon_type": 3,
    "hands": 1,
    "weapon_odds": 10,
    "dice": 1,
    "sides": 4,
    "clothing_type": null,
    "armor_class": 0,
    "armor_type": null,
    "armor_penalty": 0,
    "get_all": true,
    "embedded": false,
    "hidden": false,
    "quantity": null,
    "effect_id": null,
    "num_effects": null,
    "data": null
  }
},
{
  "model": "adventure.artifact",
  "pk": 8,
  "fields": {
    "adventure": 1,
    "artifact_id": 8,
    "article": null,
    "name": "spices",
    "synonyms": null,
    "is_markdown": false,
    "description": "You find several spices. They are of a rare variety and quite valuable.",
    "effect": null,
    "effect_inline": null,
    "room_id": 18,
    "monster_id": null,
    "container_id": null,
    "guard_id": null,
    "weight": 3,
    "value": 30,
    "type": 9,
    "is_worn": false,
    "is_open": true,
    "key_id": null,
    "linked_door_id": null,
    "hardiness": null,
    "weapon_type": null,
    "hands": 1,
    "weapon_odds": null,
    "dice": 0,
    "sides": 1,
    "clothing_type": null,
    "armor_class": 0,
    "armor_type": null,
    "armor_penalty": 0,
    "get_all": true,
    "embedded": false,
    "hidden": false,
    "quantity": 100,
    "effect_id": null,
    "num_effects": null,
    "data": null
  }
},
{
  "model": "adventure.artifact",
  "pk": 9,
  "fields": {
    "adventure": 1,
    "artifact_id": 9,
    "article": null,
    "name": "book",
    "synonyms": null,
    "is_markdown": false,
    "description": "There is an old book here. It glows in the darkness and is remarkably well preserved.",
    "effect": null,
    "effect_inline": null,
    "room_id": 19,
    "monster_id": null,
    "container_id": null,
    "guard_id": null,
    "weight": 3,
    "value": 80,
    "type": 7,
    "is_worn": false,
    "is_open": true,
    "key_id": null,
    "linked_door_id": null,
    "hardiness": null,
    "weapon_type": null,
    "hands": 1,
    "weapon_odds": null,
    "dice": null,
    "sides": null,
    "clothing_type": null,
    "armor_class": 0,
    "armor_type": null,
    "armor_penalty": 0,
    "get_all": true,
    "embedded": false,
    "hidden": false,
    "quantity": null,
    "effect_id": 7,
    "num_effects": 1,
    "data": null
  }
},
{
  "model": "adventure.artifact",
  "pk": 10,
  "fields": {
    "adventure": 1,
    "artifact_id": 10,
    "article": null,
    "name": "TrollsFire",
    "synonyms": null,
    "is_markdown": false,
    "description": "The Pirate was carrying a beautiful sword. Carved on the hilt, in intricate detail, is the sword's name, \"TrollsFire\".",
    "effect": null,
    "effect_inline": null,
    "room_id": null,
    "monster_id": 8,
    "container_id": null,
    "guard_id": null,
    "weight": 8,
    "value": 125,
    "type": 3,
    "is_worn": false,
    "is_open": false,
    "key_id": null,
    "linked_door_id": null,
    "hardiness": null,
    "weapon_type": 5,
    "hands": 1,
    "weapon_odds": 25,
    "dice": 2,
    "sides": 6,
    "clothing_type": null,
    "armor_class": 0,
    "armor_type": null,
    "armor_penalty": 0,
    "get_all": true,
    "embedded": false,
    "hidden": false,
    "quantity": null,
    "effect_id": null,
    "num_effects": null,
    "data": null
  }
},
{
  "model": "adventure.artifact",
  "pk": 11,
  "fields": {
    "adventure": 1,
    "artifact_id": 11,
    "article": null,
    "name": "jewels",
    "synonyms": null,
    "is_markdown": false,
    "description": "There is a large pile of jewels here!",
    "effect": null,
    "effect_inline": null,
    "room_id": 26,
    "monster_id": null,
    "container_id": null,
    "guard_id": null,
    "weight": 5,
    "value": 168,
    "type": 1,
    "is_worn": false,
    "is_open": false,
    "key_id": null,
    "linked_door_id": null,
    "hardiness": null,
    "weapon_type": null,
    "hands": 1,
    "weapon_odds": null,
    "dice": null,
    "sides": null,
    "clothing_type": null,
    "armor_class": 0,
    "armor_type": null,
    "armor_penalty": 0,
    "get_all": true,
    "embedded": false,
    "hidden": false,
    "quantity": null,
    "effect_id": null,
    "num_effects": null,
    "data": null
  }
},
{
  "model": "adventure.artifact",
  "pk": 12,
  "fields": {
    "adventure": 1,
    "artifact_id": 12,
    "article": null,
    "name": "chest",
    "synonyms": null,
    "is_markdown": false,
    "description": "There is a large chest in the center of the room.",
    "effect": null,
    "effect_inline": null,
    "room_id": 14,
    "monster_id": 7,
    "container_id": null,
    "guard_id": null,
    "weight": -999,
    "value": 0,
    "type": 12,
    "is_worn": false,
    "is_open": false,
    "key_id": null,
    "linked_door_id": null,
    "hardiness": null,
    "weapon_type": null,
    "hands": 1,
    "weapon_odds": null,
    "dice": null,
    "sides": null,
    "clothing_type": null,
    "armor_class": 0,
    "armor_type": null,
    "armor_penalty": 0,
    "get_all": true,
    "embedded": false,
    "hidden": false,
    "quantity": null,
    "effect_id": 1,
    "num_effects": 1,
    "data": null
  }
},
{
  "model": "adventure.artifact",
  "pk": 13,
  "fields": {
    "adventure": 1,
    "artifact_id": 13,
    "article": null,
    "name": "empty bottle",
    "synonyms": null,
    "is_markdown": false,
    "description": "The healing potion is now empty. (This item never shows up in the Eamon Deluxe version).",
    "effect": null,
    "effect_inline": null,
    "room_id": 0,
    "monster_id": null,
    "container_id": null,
    "guard_id": null,
    "weight": 1,
    "value": -100,
    "type": 11,
    "is_worn": false,
    "is_open": false,
    "key_id": null,
    "linked_door_id": null,
    "hardiness": null,
    "weapon_type": null,
    "hands": 1,
    "weapon_odds": null,
    "dice": null,
    "sides": null,
    "clothing_type": 5,
    "armor_class": 0,
    "armor_type": null,
    "armor_penalty": 0,
    "get_all": true,
    "embedded": false,
    "hidden": false,
    "quantity": null,
    "effect_id": null,
    "num_effects": null,
    "data": null
  }
},
{
  "model": "adventure.artifact",
  "pk": 14,
  "fields": {
    "adventure": 1,
    "artifact_id": 14,
    "article": null,
    "name": "a secret passage east",
    "synonyms": "east wall,wall,smooth shape,shape,door",
    "is_markdown": false,
    "description": "You've found a hidden tunnel going off to the east!",
    "effect": null,
    "effect_inline": null,
    "room_id": 15,
    "monster_id": null,
    "container_id": null,
    "guard_id": null,
    "weight": -999,
    "value": 0,
    "type": 8,
    "is_worn": false,
    "is_open": true,
    "key_id": 0,
    "linked_door_id": null,
    "hardiness": null,
    "weapon_type": null,
    "hands": 1,
    "weapon_odds": null,
    "dice": null,
    "sides": null,
    "clothing_type": null,
    "armor_class": 0,
    "armor_type": null,
    "armor_penalty": 0,
    "get_all": true,
    "embedded": true,
    "hidden": true,
    "quantity": null,
    "effect_id": null,
    "num_effects": null,
    "data": null
  }
},
{
  "model": "adventure.artifact",
  "pk": 15,
  "fields": {
    "adventure": 1,
    "artifact_id": 15,
    "article": null,
    "name": "salt water",
    "synonyms": "water,sea water,ocean water",
    "is_markdown": false,
    "description": "The water tastes salty, but doesn't appear to be poisonous.",
    "effect": null,
    "effect_inline": null,
    "room_id": 26,
    "monster_id": null,
    "container_id": null,
    "guard_id": null,
    "weight": -999,
    "value": 0,
    "type": 6,
    "is_worn": false,
    "is_open": true,
    "key_id": null,
    "linked_door_id": null,
    "hardiness": null,
    "weapon_type": null,
    "hands": 1,
    "weapon_odds": null,
    "dice": 0,
    "sides": 1,
    "clothing_type": null,
    "armor_class": 0,
    "armor_type": null,
    "armor_penalty": 0,
    "get_all": true,
    "embedded": true,
    "hidden": false,
    "quantity": 9999,
    "effect_id": null,
    "num_effects": null,
    "data": null
  }
},
{
  "model": "adventure.artifact",
  "pk": 16,
  "fields": {
    "adventure": 1,
    "artifact_id": 16,
    "article": null,
    "name": "dead rat",
    "synonyms": null,
    "is_markdown": false,
    "description": "You see the hacked up body of what was once a huge rat.",
    "effect": null,
    "effect_inline": null,
    "room_id": 0,
    "monster_id": null,
    "container_id": null,
    "guard_id": null,
    "weight": -999,
    "value": 0,
    "type": 13,
    "is_worn": false,
    "is_open": false,
    "key_id": null,
    "linked_door_id": null,
    "hardiness": null,
    "weapon_type": null,
    "hands": 1,
    "weapon_odds": null,
    "dice": null,
    "sides": null,
    "clothing_type": null,
    "armor_class": 0,
    "armor_type": null,
    "armor_penalty": 0,
    "get_all": false,
    "embedded": false,
    "hidden": false,
    "quantity": null,
    "effect_id": null,
    "num_effects": null,
    "data": null
  }
},
{
  "model": "adventure.artifact",
  "pk": 17,
  "fields": {
    "adventure": 1,
    "artifact_id": 17,
    "article": null,
    "name": "Priest's body",
    "synonyms": null,
    "is_markdown": false,
    "description": "The Priest's corpse lies on the floor, his face frozen in a fanatic's sneer.",
    "effect": null,
    "effect_inline": null,
    "room_id": 0,
    "monster_id": null,
    "container_id": null,
    "guard_id": null,
    "weight": -999,
    "value": 0,
    "type": 13,
    "is_worn": false,
    "is_open": false,
    "key_id": null,
    "linked_door_id": null,
    "hardiness": null,
    "weapon_type": null,
    "hands": 1,
    "weapon_odds": null,
    "dice": null,
    "sides": null,
    "clothing_type": null,
    "armor_class": 0,
    "armor_type": null,
    "armor_penalty": 0,
    "get_all": false,
    "embedded": false,
    "hidden": false,
    "quantity": null,
    "effect_id": null,
    "num_effects": null,
    "data": null
  }
},
{
  "model": "adventure.artifact",
  "pk": 18,
  "fields": {
    "adventure": 1,
    "artifact_id": 18,
    "article": null,
    "name": "Cynthia's body",
    "synonyms": null,
    "is_markdown": false,
    "description": "Cynthia's body lies sprawled here, a pitiful sight.",
    "effect": null,
    "effect_inline": null,
    "room_id": 0,
    "monster_id": null,
    "container_id": null,
    "guard_id": null,
    "weight": -999,
    "value": 0,
    "type": 13,
    "is_worn": false,
    "is_open": false,
    "key_id": null,
    "linked_door_id": null,
    "hardiness": null,
    "weapon_type": null,
    "hands": 1,
    "weapon_odds": null,
    "dice": null,
    "sides": null,
    "clothing_type": null,
    "armor_class": 0,
    "armor_type": null,
    "armor_penalty": 0,
    "get_all": false,
    "embedded": false,
    "hidden": false,
    "quantity": null,
    "effect_id": null,
    "num_effects": null,
    "data": null
  }
},
{
  "model": "adventure.artifact",
  "pk": 19,
  "fields": {
    "adventure": 1,
    "artifact_id": 19,
    "article": null,
    "name": "Hermit's body",
    "synonyms": null,
    "is_markdown": false,
    "description": "You see the hermit's smelly body lying crumpled on the floor.",
    "effect": null,
    "effect_inline": null,
    "room_id": 0,
    "monster_id": null,
    "container_id": null,
    "guard_id": null,
    "weight": -999,
    "value": 0,
    "type": 13,
    "is_worn": false,
    "is_open": false,
    "key_id": null,
    "linked_door_id": null,
    "hardiness": null,
    "weapon_type": null,
    "hands": 1,
    "weapon_odds": null,
    "dice": null,
    "sides": null,
    "clothing_type": null,
    "armor_class": 0,
    "armor_type": null,
    "armor_penalty": 0,
    "get_all": false,
    "embedded": false,
    "hidden": false,
    "quantity": null,
    "effect_id": null,
    "num_effects": null,
    "data": null
  }
},
{
  "model": "adventure.artifact",
  "pk": 20,
  "fields": {
    "adventure": 1,
    "artifact_id": 20,
    "article": null,
    "name": "dead gorilla",
    "synonyms": null,
    "is_markdown": false,
    "description": "You see the shaggy corpse of a dead gorilla.",
    "effect": null,
    "effect_inline": null,
    "room_id": 0,
    "monster_id": null,
    "container_id": null,
    "guard_id": null,
    "weight": -999,
    "value": 0,
    "type": 13,
    "is_worn": false,
    "is_open": false,
    "key_id": null,
    "linked_door_id": null,
    "hardiness": null,
    "weapon_type": null,
    "hands": 1,
    "weapon_odds": null,
    "dice": null,
    "sides": null,
    "clothing_type": null,
    "armor_class": 0,
    "armor_type": null,
    "armor_penalty": 0,
    "get_all": false,
    "embedded": false,
    "hidden": false,
    "quantity": null,
    "effect_id": null,
    "num_effects": null,
    "data": null
  }
},
{
  "model": "adventure.artifact",
  "pk": 21,
  "fields": {
    "adventure": 1,
    "artifact_id": 21,
    "article": null,
    "name": "Heinrich's body",
    "synonyms": null,
    "is_markdown": false,
    "description": "Heinrich's broken body lies on the floor here. You can still picture that sticker saying, \"Hi, I'm Heinrich!\"",
    "effect": null,
    "effect_inline": null,
    "room_id": 0,
    "monster_id": null,
    "container_id": null,
    "guard_id": null,
    "weight": -999,
    "value": 0,
    "type": 13,
    "is_worn": false,
    "is_open": false,
    "key_id": null,
    "linked_door_id": null,
    "hardiness": null,
    "weapon_type": null,
    "hands": 1,
    "weapon_odds": null,
    "dice": null,
    "sides": null,
    "clothing_type": null,
    "armor_class": 0,
    "armor_type": null,
    "armor_penalty": 0,
    "get_all": false,
    "embedded": false,
    "hidden": false,
    "quantity": null,
    "effect_id": null,
    "num_effects": null,
    "data": null
  }
},
{
  "model": "adventure.artifact",
  "pk": 22,
  "fields": {
    "adventure": 1,
    "artifact_id": 22,
    "article": null,
    "name": "dead Mimic",
    "synonyms": null,
    "is_markdown": false,
    "description": "The dead Mimic lies in a formless blob on the floor.",
    "effect": null,
    "effect_inline": null,
    "room_id": 0,
    "monster_id": null,
    "container_id": null,
    "guard_id": null,
    "weight": -999,
    "value": 0,
    "type": 13,
    "is_worn": false,
    "is_open": false,
    "key_id": null,
    "linked_door_id": null,
    "hardiness": null,
    "weapon_type": null,
    "hands": 1,
    "weapon_odds": null,
    "dice": null,
    "sides": null,
    "clothing_type": null,
    "armor_class": 0,
    "armor_type": null,
    "armor_penalty": 0,
    "get_all": false,
    "embedded": false,
    "hidden": false,
    "quantity": null,
    "effect_id": null,
    "num_effects": null,
    "data": null
  }
},
{
  "model": "adventure.artifact",
  "pk": 23,
  "fields": {
    "adventure": 1,
    "artifact_id": 23,
    "article": null,
    "name": "Pirate's body",
    "synonyms": null,
    "is_markdown": false,
    "description": "The body of the Pirate, his fine-looking clothing now slashed and bloody, lies here.",
    "effect": null,
    "effect_inline": null,
    "room_id": 0,
    "monster_id": null,
    "container_id": null,
    "guard_id": null,
    "weight": -999,
    "value": 0,
    "type": 13,
    "is_worn": false,
    "is_open": false,
    "key_id": null,
    "linked_door_id": null,
    "hardiness": null,
    "weapon_type": null,
    "hands": 1,
    "weapon_odds": null,
    "dice": null,
    "sides": null,
    "clothing_type": null,
    "armor_class": 0,
    "armor_type": null,
    "armor_penalty": 0,
    "get_all": false,
    "embedded": false,
    "hidden": false,
    "quantity": null,
    "effect_id": null,
    "num_effects": null,
    "data": null
  }
},
{
  "model": "adventure.artifact",
  "pk": 24,
  "fields": {
    "adventure": 1,
    "artifact_id": 24,
    "article": null,
    "name": "boat",
    "synonyms": null,
    "is_markdown": false,
    "description": "This must be the boat the pirate used to travel to and from the cove from his ship. It currently has a large hole in it and is quite useless.",
    "effect": null,
    "effect_inline": null,
    "room_id": 26,
    "monster_id": null,
    "container_id": null,
    "guard_id": null,
    "weight": 999,
    "value": 0,
    "type": 1,
    "is_worn": false,
    "is_open": false,
    "key_id": null,
    "linked_door_id": null,
    "hardiness": null,
    "weapon_type": null,
    "hands": 1,
    "weapon_odds": null,
    "dice": null,
    "sides": null,
    "clothing_type": null,
    "armor_class": 0,
    "armor_type": null,
    "armor_penalty": 0,
    "get_all": true,
    "embedded": true,
    "hidden": false,
    "quantity": null,
    "effect_id": null,
    "num_effects": null,
    "data": null
  }
},
{
  "model": "adventure.artifact",
  "pk": 7859,
  "fields": {
    "adventure": 1,
    "artifact_id": 25,
    "article": null,
    "name": "inscription",
    "synonyms": null,
    "is_markdown": false,
    "description": "You see an inscription on the wall which reads, \"You can type GET ALL to pick up everything in the room. This will usually not pick up dead bodies or immovable objects like doors and inscriptions.\"",
    "effect": null,
    "effect_inline": null,
    "room_id": 9,
    "monster_id": null,
    "container_id": null,
    "guard_id": null,
    "weight": -999,
    "value": 0,
    "type": 7,
    "is_worn": false,
    "is_open": false,
    "key_id": null,
    "linked_door_id": null,
    "hardiness": null,
    "weapon_type": null,
    "hands": 1,
    "weapon_odds": null,
    "dice": null,
    "sides": null,
    "clothing_type": null,
    "armor_class": 0,
    "armor_type": null,
    "armor_penalty": 0,
    "get_all": false,
    "embedded": false,
    "hidden": false,
    "quantity": null,
    "effect_id": null,
    "num_effects": null,
    "data": null
  }
},
{
  "model": "adventure.artifact",
  "pk": 7860,
  "fields": {
    "adventure": 1,
    "artifact_id": 26,
    "article": null,
    "name": "inscription",
    "synonyms": null,
    "is_markdown": false,
    "description": "An inscription on the wall reads, \"The instructions often show commands in all caps for emphasis, but commands are not case sensitive.\"",
    "effect": null,
    "effect_inline": null,
    "room_id": 11,
    "monster_id": null,
    "container_id": null,
    "guard_id": null,
    "weight": -999,
    "value": 0,
    "type": 7,
    "is_worn": false,
    "is_open": false,
    "key_id": null,
    "linked_door_id": null,
    "hardiness": null,
    "weapon_type": null,
    "hands": 1,
    "weapon_odds": null,
    "dice": null,
    "sides": null,
    "clothing_type": null,
    "armor_class": 0,
    "armor_type": null,
    "armor_penalty": 0,
    "get_all": false,
    "embedded": false,
    "hidden": false,
    "quantity": null,
    "effect_id": null,
    "num_effects": null,
    "data": null
  }
},
{
  "model": "adventure.artifact",
  "pk": 7861,
  "fields": {
    "adventure": 1,
    "artifact_id": 27,
    "article": null,
    "name": "inscription",
    "synonyms": null,
    "is_markdown": false,
    "description": "Written on the wall are the words, \"Most commands can be abbreviated. For example, AT DR is the same as ATTACK DRAGON, and DR PO is the same as DRINK POTION.\"",
    "effect": null,
    "effect_inline": null,
    "room_id": 11,
    "monster_id": null,
    "container_id": null,
    "guard_id": null,
    "weight": -999,
    "value": 0,
    "type": 7,
    "is_worn": false,
    "is_open": false,
    "key_id": null,
    "linked_door_id": null,
    "hardiness": null,
    "weapon_type": null,
    "hands": 1,
    "weapon_odds": null,
    "dice": null,
    "sides": null,
    "clothing_type": null,
    "armor_class": 0,
    "armor_type": null,
    "armor_penalty": 0,
    "get_all": true,
    "embedded": false,
    "hidden": false,
    "quantity": null,
    "effect_id": null,
    "num_effects": null,
    "data": null
  }
},
{
  "model": "adventure.artifact",
  "pk": 7862,
  "fields": {
    "adventure": 1,
    "artifact_id": 28,
    "article": null,
    "name": "writing",
    "synonyms": null,
    "is_markdown": false,
    "description": "You see some words chiseled into the wall: \"To repeat the last command, just hit the Enter key again. To recall previous commands, use the up and down arrow keys.\"",
    "effect": null,
    "effect_inline": null,
    "room_id": 21,
    "monster_id": null,
    "container_id": null,
    "guard_id": null,
    "weight": -999,
    "value": 0,
    "type": 7,
    "is_worn": false,
    "is_open": false,
    "key_id": null,
    "linked_door_id": null,
    "hardiness": null,
    "weapon_type": null,
    "hands": 1,
    "weapon_odds": null,
    "dice": null,
    "sides": null,
    "clothing_type": null,
    "armor_class": 0,
    "armor_type": null,
    "armor_penalty": 0,
    "get_all": false,
    "embedded": false,
    "hidden": false,
    "quantity": null,
    "effect_id": null,
    "num_effects": null,
    "data": null
  }
},
{
  "model": "adventure.artifact",
  "pk": 7863,
  "fields": {
    "adventure": 1,
    "artifact_id": 29,
    "article": null,
    "name": "inscription",
    "synonyms": null,
    "is_markdown": false,
    "description": "There are some words written here: \"Interesting items are sometimes hidden (embedded) within the description of the room. For example, try looking at the boat in the bay. You can also find secret doors by looking at unusual features in the room, like rough walls, cracks, bookshelves, etc.\"",
    "effect": null,
    "effect_inline": null,
    "room_id": 24,
    "monster_id": null,
    "container_id": null,
    "guard_id": null,
    "weight": -999,
    "value": 0,
    "type": 7,
    "is_worn": false,
    "is_open": false,
    "key_id": null,
    "linked_door_id": null,
    "hardiness": null,
    "weapon_type": null,
    "hands": 1,
    "weapon_odds": null,
    "dice": null,
    "sides": null,
    "clothing_type": null,
    "armor_class": 0,
    "armor_type": null,
    "armor_penalty": 0,
    "get_all": false,
    "embedded": false,
    "hidden": false,
    "quantity": null,
    "effect_id": null,
    "num_effects": null,
    "data": null
  }
},
{
  "model": "adventure.artifact",
  "pk": 7864,
  "fields": {
    "adventure": 1,
    "artifact_id": 30,
    "article": null,
    "name": "writing",
    "synonyms": null,
    "is_markdown": false,
    "description": "You see some words carved into the wall: \"You may change weapons by using the READY command, e.g., READY SWORD. You may wear armor and shields using the WEAR command (e.g., WEAR CHAIN MAIL) and take them off with the REMOVE command.\"",
    "effect": null,
    "effect_inline": null,
    "room_id": 7,
    "monster_id": null,
    "container_id": null,
    "guard_id": null,
    "weight": -999,
    "value": 0,
    "type": 7,
    "is_worn": false,
    "is_open": false,
    "key_id": null,
    "linked_door_id": null,
    "hardiness": null,
    "weapon_type": null,
    "hands": 1,
    "weapon_odds": null,
    "dice": null,
    "sides": null,
    "clothing_type": null,
    "armor_class": 0,
    "armor_type": null,
    "armor_penalty": 0,
    "get_all": false,
    "embedded": false,
    "hidden": false,
    "quantity": null,
    "effect_id": null,
    "num_effects": null,
    "data": null
  }
},
{
  "model": "adventure.effect",
  "pk": 1,
  "fields": {
    "adventure": 1,
    "effect_id": 1,
    "is_markdown": false,
    "text": "As you approach the chest, it suddenly comes alive and two tentacles come out of the sides, holding you fast. Another tentacle rises from the top and attempts to hurt you.",
    "style": null,
    "next": null,
    "next_inline": null
  }
},
{
  "model": "adventure.effect",
  "pk": 2,
  "fields": {
    "adventure": 1,
    "effect_id": 2,
    "is_markdown": false,
    "text": "As the Pirate mutters a word you can't hear, bright green flames surround the blade of his sword.",
    "style": "success",
    "next": null,
    "next_inline": null
  }
},
{
  "model": "adventure.effect",
  "pk": 3,
  "fields": {
    "adventure": 1,
    "effect_id": 3,
    "is_markdown": false,
    "text": "As the Pirate chokes and dies, the flame on his sword also dies.",
    "style": null,
    "next": null,
    "next_inline": null
  }
},
{
  "model": "adventure.effect",
  "pk": 4,
  "fields": {
    "adventure": 1,
    "effect_id": 4,
    "is_markdown": false,
    "text": "As you say the sword's name, bright green flames appear around the blade.",
    "style": null,
    "next": null,
    "next_inline": null
  }
},
{
  "model": "adventure.effect",
  "pk": 5,
  "fields": {
    "adventure": 1,
    "effect_id": 5,
    "is_markdown": false,
    "text": "Since you were carrying the sword when it flamed on, you took some burn damage until the sword (hearing your cries of pain?) extinguished its flame.",
    "style": null,
    "next": null,
    "next_inline": null
  }
},
{
  "model": "adventure.effect",
  "pk": 6,
  "fields": {
    "adventure": 1,
    "effect_id": 6,
    "is_markdown": false,
    "text": "As you say the sword's name, the bright green flame disappears from it.",
    "style": null,
    "next": null,
    "next_inline": null
  }
},
{
  "model": "adventure.effect",
  "pk": 7,
  "fields": {
    "adventure": 1,
    "effect_id": 7,
    "is_markdown": false,
    "text": "As you read the book, you feel a weird sensation overtaking you. You are turning into a small fish!",
    "style": "special",
    "next": null,
    "next_inline": null
  }
},
{
  "model": "adventure.effect",
  "pk": 8,
  "fields": {
    "adventure": 1,
    "effect_id": 8,
    "is_markdown": false,
    "text": "You have no trouble finding a horse that you, well, borrow to take you to the sight of your first adventure. You follow several signs which lead you to the Beginner's Cave.",
    "style": null,
    "next": null,
    "next_inline": null
  }
},
{
  "model": "adventure.effect",
  "pk": 9,
  "fields": {
    "adventure": 1,
    "effect_id": 9,
    "is_markdown": false,
    "text": "He shakes his head and says, \"You must have at least one weapon to enter the cave! Go back to the Main Hall.\"",
    "style": null,
    "next": null,
    "next_inline": null
  }
},
{
  "model": "adventure.effect",
  "pk": 10,
  "fields": {
    "adventure": 1,
    "effect_id": 10,
    "is_markdown": false,
    "text": "As you stand there, the local Knight Marshal comes out to inspect you.",
    "style": null,
    "next": null,
    "next_inline": null
  }
},
{
  "model": "adventure.effect",
  "pk": 11,
  "fields": {
    "adventure": 1,
    "effect_id": 11,
    "is_markdown": false,
    "text": "The Knight Marshal says, \"This adventure is for beginners only. Aren't you a little too experienced for this?\" He shakes his head. \"But, they're not paying me enough to keep people out. Just don't tell anyone I saw you.\" He turns and walks away.",
    "style": null,
    "next": null,
    "next_inline": null
  }
},
{
  "model": "adventure.effect",
  "pk": 12,
  "fields": {
    "adventure": 1,
    "effect_id": 12,
    "is_markdown": false,
    "text": "Eventually the Knight Marshal says, \"You may now proceed.\" He then walks away.",
    "style": null,
    "next": null,
    "next_inline": null
  }
},
{
  "model": "adventure.monster",
  "pk": 1,
  "fields": {
    "adventure": 1,
    "monster_id": 1,
    "article": null,
    "name": "Rat",
    "name_plural": null,
    "synonyms": null,
    "is_markdown": false,
    "description": "You see three huge rats charging at you! One is black, one is brown, and one is tan. Each one has sharp white teeth.",
    "effect": null,
    "effect_inline": null,
    "count": 3,
    "hardiness": 2,
    "agility": 3,
    "friendliness": "hostile",
    "friend_odds": 50,
    "combat_code": 1,
    "courage": 80,
    "pursues": true,
    "room_id": 3,
    "container_id": null,
    "gender": "none",
    "weapon_id": 0,
    "attack_odds": 50,
    "weapon_dice": 1,
    "weapon_sides": 1,
    "defense_bonus": 0,
    "armor_class": 0,
    "special": null,
    "data": null,
    "combat_verbs": null
  }
},
{
  "model": "adventure.monster",
  "pk": 2,
  "fields": {
    "adventure": 1,
    "monster_id": 2,
    "article": null,
    "name": "Priest",
    "name_plural": null,
    "synonyms": null,
    "is_markdown": false,
    "description": "There is a huge man in religious garb with an insane look on his face here. In his right hand, he carries a mace.",
    "effect": null,
    "effect_inline": null,
    "count": 1,
    "hardiness": 10,
    "agility": 6,
    "friendliness": "hostile",
    "friend_odds": 50,
    "combat_code": 0,
    "courage": 100,
    "pursues": true,
    "room_id": 18,
    "container_id": null,
    "gender": "m",
    "weapon_id": 7,
    "attack_odds": 50,
    "weapon_dice": 1,
    "weapon_sides": 4,
    "defense_bonus": 0,
    "armor_class": 1,
    "special": null,
    "data": null,
    "combat_verbs": null
  }
},
{
  "model": "adventure.monster",
  "pk": 3,
  "fields": {
    "adventure": 1,
    "monster_id": 3,
    "article": null,
    "name": "Cynthia",
    "name_plural": null,
    "synonyms": null,
    "is_markdown": false,
    "description": "You see a beautiful girl in a flowing white dress. You recognize her as Cynthia Luxom, Duke Luxom's not-too-bright daughter.",
    "effect": null,
    "effect_inline": null,
    "count": 1,
    "hardiness": 5,
    "agility": 5,
    "friendliness": "friend",
    "friend_odds": 100,
    "combat_code": 0,
    "courage": 50,
    "pursues": true,
    "room_id": 18,
    "container_id": null,
    "gender": "f",
    "weapon_id": null,
    "attack_odds": 50,
    "weapon_dice": 1,
    "weapon_sides": 1,
    "defense_bonus": 0,
    "armor_class": 0,
    "special": null,
    "data": null,
    "combat_verbs": null
  }
},
{
  "model": "adventure.monster",
  "pk": 4,
  "fields": {
    "adventure": 1,
    "monster_id": 4,
    "article": null,
    "name": "Hermit",
    "name_plural": null,
    "synonyms": null,
    "is_markdown": false,
    "description": "There is a grizzled old hermit (who smells as if he hasn't taken a bath in forty years) in the room.",
    "effect": null,
    "effect_inline": null,
    "count": 1,
    "hardiness": 13,
    "agility": 12,
    "friendliness": "random",
    "friend_odds": 50,
    "combat_code": 0,
    "courage": 85,
    "pursues": true,
    "room_id": 5,
    "container_id": null,
    "gender": "m",
    "weapon_id": 2,
    "attack_odds": 50,
    "weapon_dice": 1,
    "weapon_sides": 6,
    "defense_bonus": 0,
    "armor_class": 0,
    "special": null,
    "data": null,
    "combat_verbs": null
  }
},
{
  "model": "adventure.monster",
  "pk": 5,
  "fields": {
    "adventure": 1,
    "monster_id": 5,
    "article": null,
    "name": "Gorilla",
    "name_plural": null,
    "synonyms": null,
    "is_markdown": false,
    "description": "There is a huge, hairy, strong and angry gorilla in the room with you!",
    "effect": null,
    "effect_inline": null,
    "count": 1,
    "hardiness": 12,
    "agility": 11,
    "friendliness": "hostile",
    "friend_odds": 0,
    "combat_code": 0,
    "courage": 70,
    "pursues": true,
    "room_id": 8,
    "container_id": null,
    "gender": "",
    "weapon_id": 0,
    "attack_odds": 50,
    "weapon_dice": 1,
    "weapon_sides": 4,
    "defense_bonus": 0,
    "armor_class": 0,
    "special": null,
    "data": null,
    "combat_verbs": null
  }
},
{
  "model": "adventure.monster",
  "pk": 6,
  "fields": {
    "adventure": 1,
    "monster_id": 6,
    "article": null,
    "name": "Heinrich",
    "name_plural": null,
    "synonyms": null,
    "is_markdown": false,
    "description": "A human warrior stands before you, armed with a longsword and carrying a shield. On his shield is a sticker which says, \"Hi, I'm Heinrich!\"",
    "effect": null,
    "effect_inline": null,
    "count": 1,
    "hardiness": 15,
    "agility": 7,
    "friendliness": "random",
    "friend_odds": 70,
    "combat_code": 0,
    "courage": 105,
    "pursues": true,
    "room_id": 6,
    "container_id": null,
    "gender": "m",
    "weapon_id": 4,
    "attack_odds": 50,
    "weapon_dice": 1,
    "weapon_sides": 8,
    "defense_bonus": 0,
    "armor_class": 1,
    "special": null,
    "data": null,
    "combat_verbs": null
  }
},
{
  "model": "adventure.monster",
  "pk": 7,
  "fields": {
    "adventure": 1,
    "monster_id": 7,
    "article": null,
    "name": "Mimic",
    "name_plural": null,
    "synonyms": null,
    "is_markdown": false,
    "description": "A chest-shaped monster is in the room, holding you with two tentacles and attempting to disassemble you with a third one.",
    "effect": null,
    "effect_inline": null,
    "count": 1,
    "hardiness": 7,
    "agility": 12,
    "friendliness": "hostile",
    "friend_odds": 50,
    "combat_code": 1,
    "courage": 200,
    "pursues": true,
    "room_id": 0,
    "container_id": null,
    "gender": "",
    "weapon_id": 0,
    "attack_odds": 50,
    "weapon_dice": 1,
    "weapon_sides": 3,
    "defense_bonus": 0,
    "armor_class": 0,
    "special": null,
    "data": null,
    "combat_verbs": null
  }
},
{
  "model": "adventure.monster",
  "pk": 8,
  "fields": {
    "adventure": 1,
    "monster_id": 8,
    "article": null,
    "name": "Pirate",
    "name_plural": null,
    "synonyms": null,
    "is_markdown": false,
    "description": "You see a man with a beard and a brass ring in his ear. He is wearing clothes made out of silk and is wielding a very fancily engraved sword.",
    "effect": null,
    "effect_inline": null,
    "count": 1,
    "hardiness": 5,
    "agility": 14,
    "friendliness": "hostile",
    "friend_odds": 50,
    "combat_code": -1,
    "courage": 50,
    "pursues": true,
    "room_id": 26,
    "container_id": null,
    "gender": "m",
    "weapon_id": 10,
    "attack_odds": 50,
    "weapon_dice": 1,
    "weapon_sides": 10,
    "defense_bonus": 0,
    "armor_class": 0,
    "special": null,
    "data": null,
    "combat_verbs": null
  }
},
{
  "model": "adventure.hint",
  "pk": 2,
  "fields": {
    "adventure": 1,
    "index": 2,
    "edx": "E001",
    "question": "The Beginner's Cave -- New command."
  }
},
{
  "model": "adventure.hint",
  "pk": 3,
  "fields": {
    "adventure": 1,
    "index": 3,
    "edx": "E001",
    "question": "The Beginner's Cave -- How can I keep from getting burned?"
  }
},
{
  "model": "adventure.hintanswer",
  "pk": 9,
  "fields": {
    "adventure": 1,
    "hint": 2,
    "index": 1,
    "answer": "Note the non-standard command (TROLLSFIRE) in this adventure.  This is used in place of SAY TROLLSFIRE and it will... Well, you will just have to figure that part out for yourself!",
    "spoiler": false
  }
},
{
  "model": "adventure.hintanswer",
  "pk": 10,
  "fields": {
    "adventure": 1,
    "hint": 3,
    "index": 1,
    "answer": "You must READY TrollsFire before you activate it, then it won't burn you.",
    "spoiler": false
  }
},
{
  "model": "adventure.hintanswer",
  "pk": 11,
  "fields": {
    "adventure": 1,
    "hint": 3,
    "index": 2,
    "answer": "If you are wondering what the TROLLSFIRE command is for: the TrollsFire sword normally does 1D6 of damage, but it magically changes to 1D10 if you activate it with the TROLLSFIRE command. (It will say \"glowing\" in your INVENTORY if activated.)",
    "spoiler": false
  }
}
]
