[
{
  "model": "adventure.adventure",
  "pk": 3,
  "fields": {
    "name": "The Cave of the Mind",
    "description": "You should know better than to drink strange potions. Now you have to survive a cave full of creatures, some magical and some not so magical. And who, or what, is the Mind?",
    "full_description": "",
    "intro_text": "As you were leaving the Main Hall one evening, you encountered a short little man who beckoned you to see what he was holding. It turned out to be a grail which contained a bubbling green liquid.\r\n\r\nIn a strange low voice he said, \"Most adventures are for normal adventurers, but you are special. Drink this and you will be transported to the most challenging adventure you could imagine. DANGER! TREASURE! GLORY! Do you dare try and conquer...The Cave of the Mind!?! Ha-ha-ha-ha!\"\r\n\r\nWith a sly wink, he then hands you the grail. You study it for a moment, then glance back at the little man...But he has vanished!\r\n\r\nNever being weak on courage, you raise the grail to your lips and quaff the potion...\r\n\r\n...And instantly wish you hadn't! Ackkk! The stuff tastes like green cough syrup! Blechh! It isn't mixing well with the Double Dragon Blombs that you had with dinner either!\r\n\r\nWhat a fool you were for believing that little wretch. \"Special Adventurer\" indeed! If you ever get your hands on... Wait, what's this? What's happening?\r\n\r\n<span class=\"special\">Your vision is filled with strange lights and colors.</span>\r\n\r\n<span class=\"special2\">You feel like you're being teleported!</span>\r\n\r\n<span class=\"success\">You wake up in a dark place.</span>",
    "intro_question": "",
    "slug": "the-cave-of-the-mind",
    "edx": "E003",
    "edx_version": 2.0,
    "edx_room_offset": 1,
    "edx_artifact_offset": 1,
    "edx_effect_offset": 1,
    "edx_monster_offset": 1,
    "edx_program_file": "CAVEMIND.BAS",
    "directions": 6,
    "dead_body_id": 38,
    "active": true,
    "first_hint": 2,
    "last_hint": 11,
    "date_published": "2017-02-04",
    "featured_month": null,
    "authors": [
      2,
      3
    ]
  }
},
{
  "model": "taggit.tag",
  "pk": 2,
  "fields": {
    "name": "quest",
    "slug": "quest"
  }
},
{
  "model": "taggit.tag",
  "pk": 5,
  "fields": {
    "name": "sci-fi",
    "slug": "sci-fi"
  }
},
{
  "model": "taggit.tag",
  "pk": 6,
  "fields": {
    "name": "classic",
    "slug": "classic"
  }
},
{
  "model": "taggit.taggeditem",
  "pk": 7,
  "fields": {
    "tag": 2,
    "content_type": [
      "adventure",
      "adventure"
    ],
    "object_id": 3
  }
},
{
  "model": "taggit.taggeditem",
  "pk": 8,
  "fields": {
    "tag": 5,
    "content_type": [
      "adventure",
      "adventure"
    ],
    "object_id": 3
  }
},
{
  "model": "taggit.taggeditem",
  "pk": 31,
  "fields": {
    "tag": 6,
    "content_type": [
      "adventure",
      "adventure"
    ],
    "object_id": 3
  }
},
{
  "model": "adventure.author",
  "pk": 2,
  "fields": {
    "name": "Jim Jacobson"
  }
},
{
  "model": "adventure.author",
  "pk": 3,
  "fields": {
    "name": "Red Varnum"
  }
},
{
  "model": "adventure.room",
  "pk": 3643,
  "fields": {
    "adventure": 3,
    "room_id": 1,
    "name": "a dimly lit room. (E)",
    "is_markdown": false,
    "description": "You are in a dimly lit room. The walls are bare rock with strange designs engraved in them. You can see torchlight to the east, which is your only exit.",
    "effect": null,
    "effect_inline": null,
    "is_dark": false,
    "dark_name": null,
    "dark_description": null,
    "data": null
  }
},
{
  "model": "adventure.room",
  "pk": 3644,
  "fields": {
    "adventure": 3,
    "room_id": 2,
    "name": "an E/W tunnel.",
    "is_markdown": false,
    "description": "You are in a plain tunnel. You can hear a faint noise far to the east.",
    "effect": null,
    "effect_inline": null,
    "is_dark": false,
    "dark_name": null,
    "dark_description": null,
    "data": null
  }
},
{
  "model": "adventure.room",
  "pk": 3645,
  "fields": {
    "adventure": 3,
    "room_id": 3,
    "name": "an E/W by north intersection.",
    "is_markdown": false,
    "description": "To the east and west are narrow tunnels. To the north you see torchlight, but can't make out any details. You can hear what sounds like a harmonica being played to the east.",
    "effect": null,
    "effect_inline": null,
    "is_dark": false,
    "dark_name": null,
    "dark_description": null,
    "data": null
  }
},
{
  "model": "adventure.room",
  "pk": 3646,
  "fields": {
    "adventure": 3,
    "room_id": 4,
    "name": "a narrow E/W tunnel.",
    "is_markdown": false,
    "description": "You are in a narrow east/west tunnel. The floor is covered with a strange red slippery substance. To the east you see a room, to the west is an intersection. The harmonica sound to the east is steadily growing louder.",
    "effect": null,
    "effect_inline": null,
    "is_dark": false,
    "dark_name": null,
    "dark_description": null,
    "data": null
  }
},
{
  "model": "adventure.room",
  "pk": 3647,
  "fields": {
    "adventure": 3,
    "room_id": 5,
    "name": "a small room. (W)",
    "is_markdown": false,
    "description": "You are in a small room with quartz walls. The air is humid, and you hear harmonica music playing. You notice a large, door-sized chunk of quartz which could probably be removed with the right tool.",
    "effect": null,
    "effect_inline": null,
    "is_dark": false,
    "dark_name": null,
    "dark_description": null,
    "data": null
  }
},
{
  "model": "adventure.room",
  "pk": 3648,
  "fields": {
    "adventure": 3,
    "room_id": 6,
    "name": "a 4-way intersection.",
    "is_markdown": false,
    "description": "To the north you smell flowers, to the east is an archway, to the west you can see what appears to be sunlight and south is an intersection.",
    "effect": null,
    "effect_inline": null,
    "is_dark": false,
    "dark_name": null,
    "dark_description": null,
    "data": null
  }
},
{
  "model": "adventure.room",
  "pk": 3649,
  "fields": {
    "adventure": 3,
    "room_id": 7,
    "name": "the dining hall. (N/E/W)",
    "is_markdown": false,
    "description": "You are in a very large dining hall. A huge table spans the length of the room. Ancient paintings adorn the tile ceiling. To the north you see a small corridor, to the east a small room.",
    "effect": null,
    "effect_inline": null,
    "is_dark": false,
    "dark_name": null,
    "dark_description": null,
    "data": null
  }
},
{
  "model": "adventure.room",
  "pk": 3650,
  "fields": {
    "adventure": 3,
    "room_id": 8,
    "name": "the kitchen. (W)",
    "is_markdown": false,
    "description": "You are in a small room with stone tile floors and shiny metallic counters which are bolted to the floor. The only exit is to the west.",
    "effect": null,
    "effect_inline": null,
    "is_dark": false,
    "dark_name": null,
    "dark_description": null,
    "data": null
  }
},
{
  "model": "adventure.room",
  "pk": 3651,
  "fields": {
    "adventure": 3,
    "room_id": 9,
    "name": "a N/S corridor.",
    "is_markdown": false,
    "description": "You are in a north/south corridor. To the south is a large dining hall, to the north the corridor continues out of sight.",
    "effect": null,
    "effect_inline": null,
    "is_dark": false,
    "dark_name": null,
    "dark_description": null,
    "data": null
  }
},
{
  "model": "adventure.room",
  "pk": 3652,
  "fields": {
    "adventure": 3,
    "room_id": 10,
    "name": "a N/S corridor with rooms E/W.",
    "is_markdown": false,
    "description": "You are in a north/south corridor. To the east and west you see small rooms which were probably once guest rooms.",
    "effect": null,
    "effect_inline": null,
    "is_dark": false,
    "dark_name": null,
    "dark_description": null,
    "data": null
  }
},
{
  "model": "adventure.room",
  "pk": 3653,
  "fields": {
    "adventure": 3,
    "room_id": 11,
    "name": "the east guest room. (S/W)",
    "is_markdown": false,
    "description": "You are in a small room with limestone floors and marble walls. You see a small door to the south, probably a closet. A dusty old painting adorns the wall.",
    "effect": null,
    "effect_inline": null,
    "is_dark": false,
    "dark_name": null,
    "dark_description": null,
    "data": null
  }
},
{
  "model": "adventure.room",
  "pk": 3654,
  "fields": {
    "adventure": 3,
    "room_id": 12,
    "name": "a closet. (N)",
    "is_markdown": false,
    "description": "You are in a small closet with a mystical inscription carved into the stone wall. The exit is to the north.",
    "effect": null,
    "effect_inline": null,
    "is_dark": false,
    "dark_name": null,
    "dark_description": null,
    "data": null
  }
},
{
  "model": "adventure.room",
  "pk": 3655,
  "fields": {
    "adventure": 3,
    "room_id": 13,
    "name": "the west guest room. (E)",
    "is_markdown": false,
    "description": "You are in what was probably once a guest room. The floor is covered with a thin film of algae and the walls are covered with a dense moss. The only exit is to the east.",
    "effect": null,
    "effect_inline": null,
    "is_dark": false,
    "dark_name": null,
    "dark_description": null,
    "data": null
  }
},
{
  "model": "adventure.room",
  "pk": 3656,
  "fields": {
    "adventure": 3,
    "room_id": 14,
    "name": "a N/S corridor with a tunnel east. (N/S/E)",
    "is_markdown": false,
    "description": "You are in a north/south corridor. The corridor continues to the north and the south. To the east you see a large, dark tunnel.",
    "effect": null,
    "effect_inline": null,
    "is_dark": false,
    "dark_name": null,
    "dark_description": null,
    "data": null
  }
},
{
  "model": "adventure.room",
  "pk": 3657,
  "fields": {
    "adventure": 3,
    "room_id": 15,
    "name": "an E/W tunnel.",
    "is_markdown": false,
    "description": "All sides of the tunnel are composed of rough rock. To the west is a corridor, to the east you see a chamber.",
    "effect": null,
    "effect_inline": null,
    "is_dark": true,
    "dark_name": null,
    "dark_description": null,
    "data": null
  }
},
{
  "model": "adventure.room",
  "pk": 3658,
  "fields": {
    "adventure": 3,
    "room_id": 16,
    "name": "a large chamber. (N/W)",
    "is_markdown": false,
    "description": "You are in a rather large chamber with a small trickle of water flowing from a hole in the wall. The walls are a pale green color, with flecks of silver spread throughout. To the west and north are tunnels.",
    "effect": null,
    "effect_inline": null,
    "is_dark": false,
    "dark_name": null,
    "dark_description": null,
    "data": null
  }
},
{
  "model": "adventure.room",
  "pk": 3659,
  "fields": {
    "adventure": 3,
    "room_id": 17,
    "name": "a N/S tunnel.",
    "is_markdown": false,
    "description": "You are in a very tight north/south tunnel. You hear faint humming to the north.",
    "effect": null,
    "effect_inline": null,
    "is_dark": true,
    "dark_name": null,
    "dark_description": null,
    "data": null
  }
},
{
  "model": "adventure.room",
  "pk": 3660,
  "fields": {
    "adventure": 3,
    "room_id": 18,
    "name": "a very large room. (N/S/E/W)",
    "is_markdown": false,
    "description": "You are in a large room with smooth, shiny black walls. You can hear water flowing, but can't see it. Exits go in all directions. You can hear some sort of humming sound to the north.",
    "effect": null,
    "effect_inline": null,
    "is_dark": true,
    "dark_name": null,
    "dark_description": null,
    "data": null
  }
},
{
  "model": "adventure.room",
  "pk": 3661,
  "fields": {
    "adventure": 3,
    "room_id": 19,
    "name": "a small room. (W)",
    "is_markdown": false,
    "description": "You are in a small room with a crude wooden floor, and a stone fireplace which has glowing ashes within. An inscription on the wall says \"KILROY WAS HERE.\" The only exit is to the west.",
    "effect": null,
    "effect_inline": null,
    "is_dark": false,
    "dark_name": null,
    "dark_description": null,
    "data": null
  }
},
{
  "model": "adventure.room",
  "pk": 3662,
  "fields": {
    "adventure": 3,
    "room_id": 20,
    "name": "the cold storage room. (E)",
    "is_markdown": false,
    "description": "You are in a very cold room which is probably used to store food. You see blood stains on the floor. The only exit is to the east.",
    "effect": null,
    "effect_inline": null,
    "is_dark": true,
    "dark_name": null,
    "dark_description": null,
    "data": null
  }
},
{
  "model": "adventure.room",
  "pk": 3663,
  "fields": {
    "adventure": 3,
    "room_id": 21,
    "name": "an immense room. (S)",
    "is_markdown": false,
    "description": "You are in a room which is so large that you cannot see to the other side. There is a very wide and deep chasm to the north. A human skeleton lies in one corner. A loud humming noise is coming from the north.",
    "effect": null,
    "effect_inline": null,
    "is_dark": true,
    "dark_name": null,
    "dark_description": null,
    "data": null
  }
},
{
  "model": "adventure.room",
  "pk": 3664,
  "fields": {
    "adventure": 3,
    "room_id": 22,
    "name": "a N/S corridor. (N/S/E)",
    "is_markdown": false,
    "description": "To the north you see the end of the corridor. To the east is an entrance to what looks like a rickety elevator.",
    "effect": null,
    "effect_inline": null,
    "is_dark": false,
    "dark_name": null,
    "dark_description": null,
    "data": null
  }
},
{
  "model": "adventure.room",
  "pk": 3665,
  "fields": {
    "adventure": 3,
    "room_id": 23,
    "name": "an old elevator. (W/U/D)",
    "is_markdown": false,
    "description": "You are in an old rickety elevator. It groans under your weight and the rotted old cables could probably give way at any moment. You see a control panel on it which appears to take a key. Somebody has removed the cover.",
    "effect": null,
    "effect_inline": null,
    "is_dark": false,
    "dark_name": null,
    "dark_description": null,
    "data": null
  }
},
{
  "model": "adventure.room",
  "pk": 3666,
  "fields": {
    "adventure": 3,
    "room_id": 24,
    "name": "the end of a tunnel. (S)",
    "is_markdown": false,
    "description": "You are at the north end of a very long north south corridor. A sign on the wall says, \"DEAD END\".",
    "effect": null,
    "effect_inline": null,
    "is_dark": false,
    "dark_name": null,
    "dark_description": null,
    "data": null
  }
},
{
  "model": "adventure.room",
  "pk": 3667,
  "fields": {
    "adventure": 3,
    "room_id": 25,
    "name": "the bottom of a pit. (E)",
    "is_markdown": false,
    "description": "You are at the bottom of a very deep pit which has steep smooth walls (you can't possibly climb out.) You can see clear blue sky above you. The only exit is to the east.",
    "effect": null,
    "effect_inline": null,
    "is_dark": false,
    "dark_name": null,
    "dark_description": null,
    "data": null
  }
},
{
  "model": "adventure.room",
  "pk": 3668,
  "fields": {
    "adventure": 3,
    "room_id": 26,
    "name": "the garden. (S)",
    "is_markdown": false,
    "description": "You are in a gigantic garden. The very walls, floor, and roof are covered with vegetation. The different colors blend together to create an almost hypnotic effect. The only exit is to the south.",
    "effect": null,
    "effect_inline": null,
    "is_dark": false,
    "dark_name": null,
    "dark_description": null,
    "data": null
  }
},
{
  "model": "adventure.room",
  "pk": 3669,
  "fields": {
    "adventure": 3,
    "room_id": 27,
    "name": "a secret treasure room. (W)",
    "is_markdown": false,
    "description": "You are in a small damp cave that was carved out of rough rock. Whoever tunneled this room did a fine job, as the walls all meet at perfect angles.",
    "effect": null,
    "effect_inline": null,
    "is_dark": false,
    "dark_name": null,
    "dark_description": null,
    "data": null
  }
},
{
  "model": "adventure.room",
  "pk": 3670,
  "fields": {
    "adventure": 3,
    "room_id": 28,
    "name": "an immense room. (N/S)",
    "is_markdown": false,
    "description": "You are in a room which is so large that you cannot see to the other side. There is a very wide and deep chasm to the south. To the north you hear the humming of many machines.",
    "effect": null,
    "effect_inline": null,
    "is_dark": true,
    "dark_name": null,
    "dark_description": null,
    "data": null
  }
},
{
  "model": "adventure.room",
  "pk": 3671,
  "fields": {
    "adventure": 3,
    "room_id": 29,
    "name": "the master control room. (S)",
    "is_markdown": false,
    "description": "You are in a large room that is painted bright white. Various computer screens show different parts of the cave. A large shiny panel is set in the middle of the west wall. You also notice a large mass of equipment in the center of the room.",
    "effect": null,
    "effect_inline": null,
    "is_dark": false,
    "dark_name": null,
    "dark_description": null,
    "data": null
  }
},
{
  "model": "adventure.room",
  "pk": 3672,
  "fields": {
    "adventure": 3,
    "room_id": 30,
    "name": "a small room. (E)",
    "is_markdown": false,
    "description": "You are in a wide room with a very low ceiling. So low, that you have to crouch down to stand.",
    "effect": null,
    "effect_inline": null,
    "is_dark": false,
    "dark_name": null,
    "dark_description": null,
    "data": null
  }
},
{
  "model": "adventure.room",
  "pk": 3673,
  "fields": {
    "adventure": 3,
    "room_id": 31,
    "name": "a dusty storage room. (D)",
    "is_markdown": false,
    "description": "You are in a room which apparently hasn't been entered for ages. You can barely keep from choking on the dust cloud which appears every time you move.",
    "effect": null,
    "effect_inline": null,
    "is_dark": true,
    "dark_name": null,
    "dark_description": null,
    "data": null
  }
},
{
  "model": "adventure.roomexit",
  "pk": 44185,
  "fields": {
    "adventure": 3,
    "direction": "e",
    "room_from": 3643,
    "room_to": 2,
    "door_id": null,
    "effect_id": null
  }
},
{
  "model": "adventure.roomexit",
  "pk": 44195,
  "fields": {
    "adventure": 3,
    "direction": "e",
    "room_from": 3644,
    "room_to": 3,
    "door_id": null,
    "effect_id": null
  }
},
{
  "model": "adventure.roomexit",
  "pk": 44196,
  "fields": {
    "adventure": 3,
    "direction": "w",
    "room_from": 3644,
    "room_to": 1,
    "door_id": null,
    "effect_id": null
  }
},
{
  "model": "adventure.roomexit",
  "pk": 44203,
  "fields": {
    "adventure": 3,
    "direction": "n",
    "room_from": 3645,
    "room_to": 6,
    "door_id": null,
    "effect_id": null
  }
},
{
  "model": "adventure.roomexit",
  "pk": 44205,
  "fields": {
    "adventure": 3,
    "direction": "e",
    "room_from": 3645,
    "room_to": 4,
    "door_id": null,
    "effect_id": null
  }
},
{
  "model": "adventure.roomexit",
  "pk": 44206,
  "fields": {
    "adventure": 3,
    "direction": "w",
    "room_from": 3645,
    "room_to": 2,
    "door_id": null,
    "effect_id": null
  }
},
{
  "model": "adventure.roomexit",
  "pk": 44215,
  "fields": {
    "adventure": 3,
    "direction": "e",
    "room_from": 3646,
    "room_to": 5,
    "door_id": null,
    "effect_id": null
  }
},
{
  "model": "adventure.roomexit",
  "pk": 44216,
  "fields": {
    "adventure": 3,
    "direction": "w",
    "room_from": 3646,
    "room_to": 3,
    "door_id": null,
    "effect_id": null
  }
},
{
  "model": "adventure.roomexit",
  "pk": 44225,
  "fields": {
    "adventure": 3,
    "direction": "e",
    "room_from": 3647,
    "room_to": 27,
    "door_id": 18,
    "effect_id": null
  }
},
{
  "model": "adventure.roomexit",
  "pk": 44226,
  "fields": {
    "adventure": 3,
    "direction": "w",
    "room_from": 3647,
    "room_to": 4,
    "door_id": null,
    "effect_id": null
  }
},
{
  "model": "adventure.roomexit",
  "pk": 44233,
  "fields": {
    "adventure": 3,
    "direction": "n",
    "room_from": 3648,
    "room_to": 26,
    "door_id": null,
    "effect_id": null
  }
},
{
  "model": "adventure.roomexit",
  "pk": 44234,
  "fields": {
    "adventure": 3,
    "direction": "s",
    "room_from": 3648,
    "room_to": 3,
    "door_id": null,
    "effect_id": null
  }
},
{
  "model": "adventure.roomexit",
  "pk": 44235,
  "fields": {
    "adventure": 3,
    "direction": "e",
    "room_from": 3648,
    "room_to": 7,
    "door_id": null,
    "effect_id": null
  }
},
{
  "model": "adventure.roomexit",
  "pk": 44236,
  "fields": {
    "adventure": 3,
    "direction": "w",
    "room_from": 3648,
    "room_to": 25,
    "door_id": null,
    "effect_id": null
  }
},
{
  "model": "adventure.roomexit",
  "pk": 44243,
  "fields": {
    "adventure": 3,
    "direction": "n",
    "room_from": 3649,
    "room_to": 9,
    "door_id": null,
    "effect_id": null
  }
},
{
  "model": "adventure.roomexit",
  "pk": 44245,
  "fields": {
    "adventure": 3,
    "direction": "e",
    "room_from": 3649,
    "room_to": 8,
    "door_id": null,
    "effect_id": null
  }
},
{
  "model": "adventure.roomexit",
  "pk": 44246,
  "fields": {
    "adventure": 3,
    "direction": "w",
    "room_from": 3649,
    "room_to": 6,
    "door_id": null,
    "effect_id": null
  }
},
{
  "model": "adventure.roomexit",
  "pk": 44256,
  "fields": {
    "adventure": 3,
    "direction": "w",
    "room_from": 3650,
    "room_to": 7,
    "door_id": null,
    "effect_id": null
  }
},
{
  "model": "adventure.roomexit",
  "pk": 44263,
  "fields": {
    "adventure": 3,
    "direction": "n",
    "room_from": 3651,
    "room_to": 10,
    "door_id": null,
    "effect_id": null
  }
},
{
  "model": "adventure.roomexit",
  "pk": 44264,
  "fields": {
    "adventure": 3,
    "direction": "s",
    "room_from": 3651,
    "room_to": 7,
    "door_id": null,
    "effect_id": null
  }
},
{
  "model": "adventure.roomexit",
  "pk": 44273,
  "fields": {
    "adventure": 3,
    "direction": "n",
    "room_from": 3652,
    "room_to": 14,
    "door_id": null,
    "effect_id": null
  }
},
{
  "model": "adventure.roomexit",
  "pk": 44274,
  "fields": {
    "adventure": 3,
    "direction": "s",
    "room_from": 3652,
    "room_to": 9,
    "door_id": null,
    "effect_id": null
  }
},
{
  "model": "adventure.roomexit",
  "pk": 44275,
  "fields": {
    "adventure": 3,
    "direction": "e",
    "room_from": 3652,
    "room_to": 11,
    "door_id": null,
    "effect_id": null
  }
},
{
  "model": "adventure.roomexit",
  "pk": 44276,
  "fields": {
    "adventure": 3,
    "direction": "w",
    "room_from": 3652,
    "room_to": 13,
    "door_id": null,
    "effect_id": null
  }
},
{
  "model": "adventure.roomexit",
  "pk": 44284,
  "fields": {
    "adventure": 3,
    "direction": "s",
    "room_from": 3653,
    "room_to": 12,
    "door_id": null,
    "effect_id": null
  }
},
{
  "model": "adventure.roomexit",
  "pk": 44286,
  "fields": {
    "adventure": 3,
    "direction": "w",
    "room_from": 3653,
    "room_to": 10,
    "door_id": null,
    "effect_id": null
  }
},
{
  "model": "adventure.roomexit",
  "pk": 44293,
  "fields": {
    "adventure": 3,
    "direction": "n",
    "room_from": 3654,
    "room_to": 11,
    "door_id": null,
    "effect_id": null
  }
},
{
  "model": "adventure.roomexit",
  "pk": 44305,
  "fields": {
    "adventure": 3,
    "direction": "e",
    "room_from": 3655,
    "room_to": 10,
    "door_id": null,
    "effect_id": null
  }
},
{
  "model": "adventure.roomexit",
  "pk": 44313,
  "fields": {
    "adventure": 3,
    "direction": "n",
    "room_from": 3656,
    "room_to": 22,
    "door_id": null,
    "effect_id": null
  }
},
{
  "model": "adventure.roomexit",
  "pk": 44314,
  "fields": {
    "adventure": 3,
    "direction": "s",
    "room_from": 3656,
    "room_to": 10,
    "door_id": null,
    "effect_id": null
  }
},
{
  "model": "adventure.roomexit",
  "pk": 44315,
  "fields": {
    "adventure": 3,
    "direction": "e",
    "room_from": 3656,
    "room_to": 15,
    "door_id": null,
    "effect_id": null
  }
},
{
  "model": "adventure.roomexit",
  "pk": 44325,
  "fields": {
    "adventure": 3,
    "direction": "e",
    "room_from": 3657,
    "room_to": 16,
    "door_id": null,
    "effect_id": null
  }
},
{
  "model": "adventure.roomexit",
  "pk": 44326,
  "fields": {
    "adventure": 3,
    "direction": "w",
    "room_from": 3657,
    "room_to": 14,
    "door_id": null,
    "effect_id": null
  }
},
{
  "model": "adventure.roomexit",
  "pk": 44333,
  "fields": {
    "adventure": 3,
    "direction": "n",
    "room_from": 3658,
    "room_to": 17,
    "door_id": null,
    "effect_id": null
  }
},
{
  "model": "adventure.roomexit",
  "pk": 44336,
  "fields": {
    "adventure": 3,
    "direction": "w",
    "room_from": 3658,
    "room_to": 15,
    "door_id": null,
    "effect_id": null
  }
},
{
  "model": "adventure.roomexit",
  "pk": 44343,
  "fields": {
    "adventure": 3,
    "direction": "n",
    "room_from": 3659,
    "room_to": 18,
    "door_id": null,
    "effect_id": null
  }
},
{
  "model": "adventure.roomexit",
  "pk": 44344,
  "fields": {
    "adventure": 3,
    "direction": "s",
    "room_from": 3659,
    "room_to": 16,
    "door_id": null,
    "effect_id": null
  }
},
{
  "model": "adventure.roomexit",
  "pk": 44353,
  "fields": {
    "adventure": 3,
    "direction": "n",
    "room_from": 3660,
    "room_to": 21,
    "door_id": null,
    "effect_id": null
  }
},
{
  "model": "adventure.roomexit",
  "pk": 44354,
  "fields": {
    "adventure": 3,
    "direction": "s",
    "room_from": 3660,
    "room_to": 17,
    "door_id": null,
    "effect_id": null
  }
},
{
  "model": "adventure.roomexit",
  "pk": 44355,
  "fields": {
    "adventure": 3,
    "direction": "e",
    "room_from": 3660,
    "room_to": 19,
    "door_id": null,
    "effect_id": null
  }
},
{
  "model": "adventure.roomexit",
  "pk": 44356,
  "fields": {
    "adventure": 3,
    "direction": "w",
    "room_from": 3660,
    "room_to": 20,
    "door_id": null,
    "effect_id": null
  }
},
{
  "model": "adventure.roomexit",
  "pk": 44366,
  "fields": {
    "adventure": 3,
    "direction": "w",
    "room_from": 3661,
    "room_to": 18,
    "door_id": null,
    "effect_id": null
  }
},
{
  "model": "adventure.roomexit",
  "pk": 44375,
  "fields": {
    "adventure": 3,
    "direction": "e",
    "room_from": 3662,
    "room_to": 18,
    "door_id": null,
    "effect_id": null
  }
},
{
  "model": "adventure.roomexit",
  "pk": 44383,
  "fields": {
    "adventure": 3,
    "direction": "n",
    "room_from": 3663,
    "room_to": -28,
    "door_id": null,
    "effect_id": null
  }
},
{
  "model": "adventure.roomexit",
  "pk": 44384,
  "fields": {
    "adventure": 3,
    "direction": "s",
    "room_from": 3663,
    "room_to": 18,
    "door_id": null,
    "effect_id": null
  }
},
{
  "model": "adventure.roomexit",
  "pk": 44393,
  "fields": {
    "adventure": 3,
    "direction": "n",
    "room_from": 3664,
    "room_to": 24,
    "door_id": null,
    "effect_id": null
  }
},
{
  "model": "adventure.roomexit",
  "pk": 44394,
  "fields": {
    "adventure": 3,
    "direction": "s",
    "room_from": 3664,
    "room_to": 14,
    "door_id": null,
    "effect_id": null
  }
},
{
  "model": "adventure.roomexit",
  "pk": 44395,
  "fields": {
    "adventure": 3,
    "direction": "e",
    "room_from": 3664,
    "room_to": 23,
    "door_id": null,
    "effect_id": null
  }
},
{
  "model": "adventure.roomexit",
  "pk": 44406,
  "fields": {
    "adventure": 3,
    "direction": "w",
    "room_from": 3665,
    "room_to": 22,
    "door_id": null,
    "effect_id": null
  }
},
{
  "model": "adventure.roomexit",
  "pk": 44407,
  "fields": {
    "adventure": 3,
    "direction": "u",
    "room_from": 3665,
    "room_to": -31,
    "door_id": null,
    "effect_id": null
  }
},
{
  "model": "adventure.roomexit",
  "pk": 44408,
  "fields": {
    "adventure": 3,
    "direction": "d",
    "room_from": 3665,
    "room_to": -32,
    "door_id": null,
    "effect_id": null
  }
},
{
  "model": "adventure.roomexit",
  "pk": 44414,
  "fields": {
    "adventure": 3,
    "direction": "s",
    "room_from": 3666,
    "room_to": 22,
    "door_id": null,
    "effect_id": null
  }
},
{
  "model": "adventure.roomexit",
  "pk": 44425,
  "fields": {
    "adventure": 3,
    "direction": "e",
    "room_from": 3667,
    "room_to": 6,
    "door_id": null,
    "effect_id": null
  }
},
{
  "model": "adventure.roomexit",
  "pk": 44434,
  "fields": {
    "adventure": 3,
    "direction": "s",
    "room_from": 3668,
    "room_to": 6,
    "door_id": null,
    "effect_id": null
  }
},
{
  "model": "adventure.roomexit",
  "pk": 44446,
  "fields": {
    "adventure": 3,
    "direction": "w",
    "room_from": 3669,
    "room_to": 5,
    "door_id": null,
    "effect_id": null
  }
},
{
  "model": "adventure.roomexit",
  "pk": 44453,
  "fields": {
    "adventure": 3,
    "direction": "n",
    "room_from": 3670,
    "room_to": 29,
    "door_id": null,
    "effect_id": null
  }
},
{
  "model": "adventure.roomexit",
  "pk": 44454,
  "fields": {
    "adventure": 3,
    "direction": "s",
    "room_from": 3670,
    "room_to": 21,
    "door_id": null,
    "effect_id": null
  }
},
{
  "model": "adventure.roomexit",
  "pk": 44464,
  "fields": {
    "adventure": 3,
    "direction": "s",
    "room_from": 3671,
    "room_to": 28,
    "door_id": null,
    "effect_id": null
  }
},
{
  "model": "adventure.roomexit",
  "pk": 44466,
  "fields": {
    "adventure": 3,
    "direction": "w",
    "room_from": 3671,
    "room_to": 30,
    "door_id": 29,
    "effect_id": null
  }
},
{
  "model": "adventure.roomexit",
  "pk": 44475,
  "fields": {
    "adventure": 3,
    "direction": "e",
    "room_from": 3672,
    "room_to": 29,
    "door_id": null,
    "effect_id": null
  }
},
{
  "model": "adventure.roomexit",
  "pk": 44488,
  "fields": {
    "adventure": 3,
    "direction": "d",
    "room_from": 3673,
    "room_to": 23,
    "door_id": null,
    "effect_id": null
  }
},
{
  "model": "adventure.artifact",
  "pk": 2700,
  "fields": {
    "adventure": 3,
    "artifact_id": 1,
    "article": null,
    "name": "pearl",
    "synonyms": null,
    "is_markdown": false,
    "description": "In the center of the room you see a large, glowing black pearl.",
    "effect": null,
    "effect_inline": null,
    "room_id": 5,
    "monster_id": null,
    "container_id": null,
    "guard_id": null,
    "weight": 25,
    "value": 100,
    "type": 1,
    "is_worn": false,
    "is_open": false,
    "key_id": null,
    "linked_door_id": null,
    "hardiness": null,
    "weapon_type": null,
    "hands": 1,
    "weapon_odds": null,
    "dice": null,
    "sides": null,
    "clothing_type": null,
    "armor_class": 0,
    "armor_type": null,
    "armor_penalty": 0,
    "get_all": true,
    "embedded": false,
    "hidden": false,
    "quantity": null,
    "effect_id": null,
    "num_effects": null,
    "data": null
  }
},
{
  "model": "adventure.artifact",
  "pk": 2701,
  "fields": {
    "adventure": 3,
    "artifact_id": 2,
    "article": null,
    "name": "painting",
    "synonyms": "picture",
    "is_markdown": false,
    "description": "It is a rather expensive looking painting enclosed in a solid gold frame.",
    "effect": null,
    "effect_inline": null,
    "room_id": 11,
    "monster_id": null,
    "container_id": null,
    "guard_id": null,
    "weight": 20,
    "value": 500,
    "type": 1,
    "is_worn": false,
    "is_open": false,
    "key_id": null,
    "linked_door_id": null,
    "hardiness": null,
    "weapon_type": null,
    "hands": 1,
    "weapon_odds": null,
    "dice": null,
    "sides": null,
    "clothing_type": null,
    "armor_class": 0,
    "armor_type": null,
    "armor_penalty": 0,
    "get_all": true,
    "embedded": true,
    "hidden": false,
    "quantity": null,
    "effect_id": null,
    "num_effects": null,
    "data": null
  }
},
{
  "model": "adventure.artifact",
  "pk": 2702,
  "fields": {
    "adventure": 3,
    "artifact_id": 3,
    "article": null,
    "name": "diamond",
    "synonyms": null,
    "is_markdown": false,
    "description": "In the darkness you see a huge diamond glowing brightly.",
    "effect": null,
    "effect_inline": null,
    "room_id": 31,
    "monster_id": null,
    "container_id": null,
    "guard_id": null,
    "weight": 2,
    "value": 400,
    "type": 1,
    "is_worn": false,
    "is_open": false,
    "key_id": null,
    "linked_door_id": null,
    "hardiness": null,
    "weapon_type": null,
    "hands": 1,
    "weapon_odds": null,
    "dice": null,
    "sides": null,
    "clothing_type": null,
    "armor_class": 0,
    "armor_type": null,
    "armor_penalty": 0,
    "get_all": true,
    "embedded": false,
    "hidden": false,
    "quantity": null,
    "effect_id": null,
    "num_effects": null,
    "data": null
  }
},
{
  "model": "adventure.artifact",
  "pk": 2703,
  "fields": {
    "adventure": 3,
    "artifact_id": 4,
    "article": null,
    "name": "Sony TV",
    "synonyms": null,
    "is_markdown": false,
    "description": "You see a square shaped object in the room. It's a television set. But wait... This is no ordinary TV -- this is a Sony! (And that's no baloney!)",
    "effect": null,
    "effect_inline": null,
    "room_id": 25,
    "monster_id": null,
    "container_id": null,
    "guard_id": null,
    "weight": 10,
    "value": 200,
    "type": 1,
    "is_worn": false,
    "is_open": false,
    "key_id": null,
    "linked_door_id": null,
    "hardiness": null,
    "weapon_type": null,
    "hands": 1,
    "weapon_odds": null,
    "dice": null,
    "sides": null,
    "clothing_type": null,
    "armor_class": 0,
    "armor_type": null,
    "armor_penalty": 0,
    "get_all": true,
    "embedded": false,
    "hidden": false,
    "quantity": null,
    "effect_id": null,
    "num_effects": null,
    "data": null
  }
},
{
  "model": "adventure.artifact",
  "pk": 2704,
  "fields": {
    "adventure": 3,
    "artifact_id": 5,
    "article": null,
    "name": "scroll",
    "synonyms": null,
    "is_markdown": false,
    "description": "In the corner of the room lies a small parchment scroll with a ribbon around it.",
    "effect": null,
    "effect_inline": null,
    "room_id": 16,
    "monster_id": null,
    "container_id": null,
    "guard_id": null,
    "weight": 1,
    "value": 0,
    "type": 7,
    "is_worn": false,
    "is_open": true,
    "key_id": null,
    "linked_door_id": null,
    "hardiness": null,
    "weapon_type": null,
    "hands": 1,
    "weapon_odds": null,
    "dice": null,
    "sides": null,
    "clothing_type": null,
    "armor_class": 0,
    "armor_type": null,
    "armor_penalty": 0,
    "get_all": true,
    "embedded": false,
    "hidden": false,
    "quantity": null,
    "effect_id": 2,
    "num_effects": 1,
    "data": null
  }
},
{
  "model": "adventure.artifact",
  "pk": 2705,
  "fields": {
    "adventure": 3,
    "artifact_id": 6,
    "article": null,
    "name": "lead box",
    "synonyms": null,
    "is_markdown": false,
    "description": "On the floor of the chamber lies a small lead box.",
    "effect": null,
    "effect_inline": null,
    "room_id": 17,
    "monster_id": null,
    "container_id": null,
    "guard_id": null,
    "weight": 10,
    "value": 5,
    "type": 4,
    "is_worn": false,
    "is_open": false,
    "key_id": 0,
    "linked_door_id": null,
    "hardiness": null,
    "weapon_type": null,
    "hands": 1,
    "weapon_odds": null,
    "dice": null,
    "sides": null,
    "clothing_type": null,
    "armor_class": 0,
    "armor_type": null,
    "armor_penalty": 0,
    "get_all": true,
    "embedded": false,
    "hidden": false,
    "quantity": 0,
    "effect_id": null,
    "num_effects": null,
    "data": null
  }
},
{
  "model": "adventure.artifact",
  "pk": 2706,
  "fields": {
    "adventure": 3,
    "artifact_id": 7,
    "article": null,
    "name": "miner's pick",
    "synonyms": null,
    "is_markdown": false,
    "description": "A miner's pick is lying in the dust.",
    "effect": null,
    "effect_inline": null,
    "room_id": 24,
    "monster_id": null,
    "container_id": null,
    "guard_id": null,
    "weight": 5,
    "value": 10,
    "type": 2,
    "is_worn": false,
    "is_open": false,
    "key_id": null,
    "linked_door_id": null,
    "hardiness": null,
    "weapon_type": 1,
    "hands": 1,
    "weapon_odds": 5,
    "dice": 1,
    "sides": 5,
    "clothing_type": null,
    "armor_class": 0,
    "armor_type": null,
    "armor_penalty": 0,
    "get_all": true,
    "embedded": false,
    "hidden": false,
    "quantity": null,
    "effect_id": null,
    "num_effects": null,
    "data": null
  }
},
{
  "model": "adventure.artifact",
  "pk": 2707,
  "fields": {
    "adventure": 3,
    "artifact_id": 8,
    "article": null,
    "name": "dagger",
    "synonyms": null,
    "is_markdown": false,
    "description": "In the dim light you see a small dagger with jewels in the handle.",
    "effect": null,
    "effect_inline": null,
    "room_id": 14,
    "monster_id": null,
    "container_id": null,
    "guard_id": null,
    "weight": 2,
    "value": 50,
    "type": 2,
    "is_worn": false,
    "is_open": false,
    "key_id": null,
    "linked_door_id": null,
    "hardiness": null,
    "weapon_type": 5,
    "hands": 1,
    "weapon_odds": 10,
    "dice": 1,
    "sides": 5,
    "clothing_type": null,
    "armor_class": 0,
    "armor_type": null,
    "armor_penalty": 0,
    "get_all": true,
    "embedded": false,
    "hidden": false,
    "quantity": null,
    "effect_id": null,
    "num_effects": null,
    "data": null
  }
},
{
  "model": "adventure.artifact",
  "pk": 2708,
  "fields": {
    "adventure": 3,
    "artifact_id": 9,
    "article": null,
    "name": "crucifix",
    "synonyms": null,
    "is_markdown": false,
    "description": "On a mound of dust, you see a small silver crucifix.",
    "effect": null,
    "effect_inline": null,
    "room_id": 13,
    "monster_id": null,
    "container_id": null,
    "guard_id": null,
    "weight": 1,
    "value": 25,
    "type": 1,
    "is_worn": false,
    "is_open": false,
    "key_id": null,
    "linked_door_id": null,
    "hardiness": null,
    "weapon_type": null,
    "hands": 1,
    "weapon_odds": null,
    "dice": null,
    "sides": null,
    "clothing_type": null,
    "armor_class": 0,
    "armor_type": null,
    "armor_penalty": 0,
    "get_all": true,
    "embedded": false,
    "hidden": false,
    "quantity": null,
    "effect_id": null,
    "num_effects": null,
    "data": null
  }
},
{
  "model": "adventure.artifact",
  "pk": 2709,
  "fields": {
    "adventure": 3,
    "artifact_id": 10,
    "article": null,
    "name": "helmet",
    "synonyms": null,
    "is_markdown": false,
    "description": "On a pedestal in the center of the room, you see a chromium helmet with odd wires and lights covering its surface. Some inner wisdom tells you that it is used to control others' minds.",
    "effect": null,
    "effect_inline": null,
    "room_id": 20,
    "monster_id": null,
    "container_id": null,
    "guard_id": null,
    "weight": 10,
    "value": 300,
    "type": 11,
    "is_worn": false,
    "is_open": false,
    "key_id": null,
    "linked_door_id": null,
    "hardiness": null,
    "weapon_type": null,
    "hands": 1,
    "weapon_odds": null,
    "dice": null,
    "sides": null,
    "clothing_type": 4,
    "armor_class": 1,
    "armor_type": 2,
    "armor_penalty": 7,
    "get_all": true,
    "embedded": false,
    "hidden": false,
    "quantity": null,
    "effect_id": null,
    "num_effects": null,
    "data": null
  }
},
{
  "model": "adventure.artifact",
  "pk": 2710,
  "fields": {
    "adventure": 3,
    "artifact_id": 11,
    "article": null,
    "name": "magic club",
    "synonyms": null,
    "is_markdown": false,
    "description": "You see a very large magical club.",
    "effect": null,
    "effect_inline": null,
    "room_id": null,
    "monster_id": 5,
    "container_id": null,
    "guard_id": null,
    "weight": 10,
    "value": 500,
    "type": 3,
    "is_worn": false,
    "is_open": false,
    "key_id": null,
    "linked_door_id": null,
    "hardiness": null,
    "weapon_type": 3,
    "hands": 1,
    "weapon_odds": 10,
    "dice": 1,
    "sides": 15,
    "clothing_type": null,
    "armor_class": 0,
    "armor_type": null,
    "armor_penalty": 0,
    "get_all": true,
    "embedded": false,
    "hidden": false,
    "quantity": null,
    "effect_id": null,
    "num_effects": null,
    "data": null
  }
},
{
  "model": "adventure.artifact",
  "pk": 2711,
  "fields": {
    "adventure": 3,
    "artifact_id": 12,
    "article": null,
    "name": "spear",
    "synonyms": null,
    "is_markdown": false,
    "description": "You see an old spear.",
    "effect": null,
    "effect_inline": null,
    "room_id": null,
    "monster_id": 3,
    "container_id": null,
    "guard_id": null,
    "weight": 3,
    "value": 50,
    "type": 2,
    "is_worn": false,
    "is_open": false,
    "key_id": null,
    "linked_door_id": null,
    "hardiness": null,
    "weapon_type": 4,
    "hands": 1,
    "weapon_odds": -5,
    "dice": 1,
    "sides": 6,
    "clothing_type": null,
    "armor_class": 0,
    "armor_type": null,
    "armor_penalty": 0,
    "get_all": true,
    "embedded": false,
    "hidden": false,
    "quantity": null,
    "effect_id": null,
    "num_effects": null,
    "data": null
  }
},
{
  "model": "adventure.artifact",
  "pk": 2712,
  "fields": {
    "adventure": 3,
    "artifact_id": 13,
    "article": null,
    "name": "knobberry",
    "synonyms": null,
    "is_markdown": false,
    "description": "You see the troll's weapon, a beat-up old knobberry.",
    "effect": null,
    "effect_inline": null,
    "room_id": null,
    "monster_id": 1,
    "container_id": null,
    "guard_id": null,
    "weight": 5,
    "value": 75,
    "type": 2,
    "is_worn": false,
    "is_open": false,
    "key_id": null,
    "linked_door_id": null,
    "hardiness": null,
    "weapon_type": 3,
    "hands": 1,
    "weapon_odds": 5,
    "dice": 1,
    "sides": 9,
    "clothing_type": null,
    "armor_class": 0,
    "armor_type": null,
    "armor_penalty": 0,
    "get_all": true,
    "embedded": false,
    "hidden": false,
    "quantity": null,
    "effect_id": null,
    "num_effects": null,
    "data": null
  }
},
{
  "model": "adventure.artifact",
  "pk": 2713,
  "fields": {
    "adventure": 3,
    "artifact_id": 14,
    "article": null,
    "name": "foil",
    "synonyms": null,
    "is_markdown": false,
    "description": "You see a fair quality fencing foil.",
    "effect": null,
    "effect_inline": null,
    "room_id": null,
    "monster_id": 6,
    "container_id": null,
    "guard_id": null,
    "weight": 3,
    "value": 65,
    "type": 2,
    "is_worn": false,
    "is_open": false,
    "key_id": null,
    "linked_door_id": null,
    "hardiness": null,
    "weapon_type": 5,
    "hands": 1,
    "weapon_odds": -10,
    "dice": 1,
    "sides": 5,
    "clothing_type": null,
    "armor_class": 0,
    "armor_type": null,
    "armor_penalty": 0,
    "get_all": true,
    "embedded": false,
    "hidden": false,
    "quantity": null,
    "effect_id": null,
    "num_effects": null,
    "data": null
  }
},
{
  "model": "adventure.artifact",
  "pk": 2714,
  "fields": {
    "adventure": 3,
    "artifact_id": 15,
    "article": null,
    "name": "meat cleaver",
    "synonyms": null,
    "is_markdown": false,
    "description": "You see a butcher's meat cleaver.",
    "effect": null,
    "effect_inline": null,
    "room_id": null,
    "monster_id": 7,
    "container_id": null,
    "guard_id": null,
    "weight": 5,
    "value": 35,
    "type": 2,
    "is_worn": false,
    "is_open": false,
    "key_id": null,
    "linked_door_id": null,
    "hardiness": null,
    "weapon_type": 1,
    "hands": 1,
    "weapon_odds": 5,
    "dice": 1,
    "sides": 8,
    "clothing_type": null,
    "armor_class": 0,
    "armor_type": null,
    "armor_penalty": 0,
    "get_all": true,
    "embedded": false,
    "hidden": false,
    "quantity": null,
    "effect_id": null,
    "num_effects": null,
    "data": null
  }
},
{
  "model": "adventure.artifact",
  "pk": 2715,
  "fields": {
    "adventure": 3,
    "artifact_id": 16,
    "article": null,
    "name": "potion",
    "synonyms": null,
    "is_markdown": false,
    "description": "You see a grail which contains a green bubbling potion within. It is almost identical to the one that held the potion which brought you here, except that this one is plastic. A label reads, \"RETURN TO SENDER\".",
    "effect": null,
    "effect_inline": null,
    "room_id": 31,
    "monster_id": null,
    "container_id": null,
    "guard_id": null,
    "weight": 5,
    "value": 0,
    "type": 6,
    "is_worn": false,
    "is_open": false,
    "key_id": null,
    "linked_door_id": null,
    "hardiness": null,
    "weapon_type": null,
    "hands": 1,
    "weapon_odds": null,
    "dice": null,
    "sides": null,
    "clothing_type": null,
    "armor_class": 0,
    "armor_type": null,
    "armor_penalty": 0,
    "get_all": true,
    "embedded": false,
    "hidden": false,
    "quantity": 1,
    "effect_id": null,
    "num_effects": null,
    "data": null
  }
},
{
  "model": "adventure.artifact",
  "pk": 2716,
  "fields": {
    "adventure": 3,
    "artifact_id": 17,
    "article": null,
    "name": "inscription",
    "synonyms": null,
    "is_markdown": false,
    "description": "Try reading the inscription",
    "effect": null,
    "effect_inline": null,
    "room_id": 12,
    "monster_id": null,
    "container_id": null,
    "guard_id": null,
    "weight": -999,
    "value": 0,
    "type": 7,
    "is_worn": false,
    "is_open": true,
    "key_id": null,
    "linked_door_id": null,
    "hardiness": null,
    "weapon_type": null,
    "hands": 1,
    "weapon_odds": null,
    "dice": null,
    "sides": null,
    "clothing_type": null,
    "armor_class": 0,
    "armor_type": null,
    "armor_penalty": 0,
    "get_all": true,
    "embedded": true,
    "hidden": false,
    "quantity": null,
    "effect_id": 1,
    "num_effects": 1,
    "data": null
  }
},
{
  "model": "adventure.artifact",
  "pk": 2717,
  "fields": {
    "adventure": 3,
    "artifact_id": 18,
    "article": null,
    "name": "a secret passage east",
    "synonyms": null,
    "is_markdown": false,
    "description": "The rock crumbles easily under the pick, and after a short while reveals a doorway. You notice a spring mechanism which could have opened it (and saved you some trouble), but who has time for such nonsense?",
    "effect": null,
    "effect_inline": null,
    "room_id": null,
    "monster_id": null,
    "container_id": null,
    "guard_id": null,
    "weight": -999,
    "value": 0,
    "type": 8,
    "is_worn": false,
    "is_open": true,
    "key_id": 0,
    "linked_door_id": null,
    "hardiness": null,
    "weapon_type": null,
    "hands": 1,
    "weapon_odds": null,
    "dice": null,
    "sides": null,
    "clothing_type": null,
    "armor_class": 0,
    "armor_type": null,
    "armor_penalty": 0,
    "get_all": true,
    "embedded": false,
    "hidden": false,
    "quantity": null,
    "effect_id": null,
    "num_effects": null,
    "data": null
  }
},
{
  "model": "adventure.artifact",
  "pk": 2718,
  "fields": {
    "adventure": 3,
    "artifact_id": 19,
    "article": null,
    "name": "door-sized chunk of quartz",
    "synonyms": "wall",
    "is_markdown": false,
    "description": "You'll need some kind of mining tool to break it away.",
    "effect": null,
    "effect_inline": null,
    "room_id": 5,
    "monster_id": null,
    "container_id": null,
    "guard_id": null,
    "weight": -999,
    "value": 0,
    "type": 1,
    "is_worn": false,
    "is_open": false,
    "key_id": null,
    "linked_door_id": null,
    "hardiness": null,
    "weapon_type": null,
    "hands": 1,
    "weapon_odds": null,
    "dice": null,
    "sides": null,
    "clothing_type": null,
    "armor_class": 0,
    "armor_type": null,
    "armor_penalty": 0,
    "get_all": true,
    "embedded": true,
    "hidden": false,
    "quantity": null,
    "effect_id": null,
    "num_effects": null,
    "data": null
  }
},
{
  "model": "adventure.artifact",
  "pk": 2719,
  "fields": {
    "adventure": 3,
    "artifact_id": 20,
    "article": null,
    "name": "Eccentric",
    "synonyms": null,
    "is_markdown": false,
    "description": "You see a beautiful longsword. It is very light, yet extremely sturdy and sharp. It looks as if it has been polished quite frequently. It has \"Eccentric\" inscribed upon the blade.",
    "effect": null,
    "effect_inline": null,
    "room_id": null,
    "monster_id": 11,
    "container_id": null,
    "guard_id": null,
    "weight": 10,
    "value": 200,
    "type": 2,
    "is_worn": false,
    "is_open": false,
    "key_id": null,
    "linked_door_id": null,
    "hardiness": null,
    "weapon_type": 5,
    "hands": 1,
    "weapon_odds": 50,
    "dice": 2,
    "sides": 8,
    "clothing_type": null,
    "armor_class": 0,
    "armor_type": null,
    "armor_penalty": 0,
    "get_all": true,
    "embedded": false,
    "hidden": false,
    "quantity": null,
    "effect_id": null,
    "num_effects": null,
    "data": null
  }
},
{
  "model": "adventure.artifact",
  "pk": 2720,
  "fields": {
    "adventure": 3,
    "artifact_id": 21,
    "article": null,
    "name": "harmonica",
    "synonyms": null,
    "is_markdown": false,
    "description": "You see a cheap harmonica. It says \"Toys-R-Us\" on it. A.J. says, \"Can you believe I found this in a securely locked box? It's cool and all, but who would hide it in the treasure room?\"",
    "effect": null,
    "effect_inline": null,
    "room_id": 27,
    "monster_id": null,
    "container_id": null,
    "guard_id": null,
    "weight": 1,
    "value": 1,
    "type": 1,
    "is_worn": false,
    "is_open": false,
    "key_id": null,
    "linked_door_id": null,
    "hardiness": null,
    "weapon_type": null,
    "hands": 1,
    "weapon_odds": null,
    "dice": null,
    "sides": null,
    "clothing_type": null,
    "armor_class": 0,
    "armor_type": null,
    "armor_penalty": 0,
    "get_all": true,
    "embedded": false,
    "hidden": false,
    "quantity": null,
    "effect_id": null,
    "num_effects": null,
    "data": null
  }
},
{
  "model": "adventure.artifact",
  "pk": 2721,
  "fields": {
    "adventure": 3,
    "artifact_id": 22,
    "article": null,
    "name": "piece of paper",
    "synonyms": null,
    "is_markdown": false,
    "description": "You see a folded piece of paper with some writing on it.",
    "effect": null,
    "effect_inline": null,
    "room_id": null,
    "monster_id": 7,
    "container_id": null,
    "guard_id": null,
    "weight": 0,
    "value": 0,
    "type": 7,
    "is_worn": false,
    "is_open": false,
    "key_id": null,
    "linked_door_id": null,
    "hardiness": null,
    "weapon_type": null,
    "hands": 1,
    "weapon_odds": null,
    "dice": null,
    "sides": null,
    "clothing_type": null,
    "armor_class": 0,
    "armor_type": null,
    "armor_penalty": 0,
    "get_all": true,
    "embedded": false,
    "hidden": false,
    "quantity": null,
    "effect_id": 4,
    "num_effects": 1,
    "data": null
  }
},
{
  "model": "adventure.artifact",
  "pk": 2722,
  "fields": {
    "adventure": 3,
    "artifact_id": 23,
    "article": null,
    "name": "plaid pants",
    "synonyms": null,
    "is_markdown": false,
    "description": "A.J.'s body vanishes in a giant explosion of fire and brimstone, leaving a pair of smoking trousers behind.",
    "effect": null,
    "effect_inline": null,
    "room_id": null,
    "monster_id": null,
    "container_id": null,
    "guard_id": null,
    "weight": 8,
    "value": 5,
    "type": 11,
    "is_worn": false,
    "is_open": false,
    "key_id": null,
    "linked_door_id": null,
    "hardiness": null,
    "weapon_type": null,
    "hands": 1,
    "weapon_odds": null,
    "dice": null,
    "sides": null,
    "clothing_type": 1,
    "armor_class": 0,
    "armor_type": null,
    "armor_penalty": 0,
    "get_all": true,
    "embedded": false,
    "hidden": false,
    "quantity": null,
    "effect_id": null,
    "num_effects": null,
    "data": null
  }
},
{
  "model": "adventure.artifact",
  "pk": 2723,
  "fields": {
    "adventure": 3,
    "artifact_id": 24,
    "article": null,
    "name": "crystal bridge",
    "synonyms": null,
    "is_markdown": false,
    "description": "As you play the harmonica, a slab of crystal begins to slide across the chasm. You continue playing until it stops grinding and see that a bridge now spans the chasm.",
    "effect": null,
    "effect_inline": null,
    "room_id": null,
    "monster_id": null,
    "container_id": null,
    "guard_id": null,
    "weight": -999,
    "value": 0,
    "type": 1,
    "is_worn": false,
    "is_open": true,
    "key_id": 0,
    "linked_door_id": null,
    "hardiness": null,
    "weapon_type": null,
    "hands": 1,
    "weapon_odds": null,
    "dice": null,
    "sides": null,
    "clothing_type": null,
    "armor_class": 0,
    "armor_type": null,
    "armor_penalty": 0,
    "get_all": false,
    "embedded": false,
    "hidden": false,
    "quantity": null,
    "effect_id": null,
    "num_effects": null,
    "data": null
  }
},
{
  "model": "adventure.artifact",
  "pk": 2724,
  "fields": {
    "adventure": 3,
    "artifact_id": 25,
    "article": null,
    "name": "battery-powered torch",
    "synonyms": null,
    "is_markdown": false,
    "description": "You see a fake torch made out of plastic. It seems to have fresh batteries, and would last for quite a while should you need it.",
    "effect": null,
    "effect_inline": null,
    "room_id": 25,
    "monster_id": null,
    "container_id": null,
    "guard_id": null,
    "weight": 2,
    "value": 25,
    "type": 5,
    "is_worn": false,
    "is_open": false,
    "key_id": null,
    "linked_door_id": null,
    "hardiness": null,
    "weapon_type": null,
    "hands": 1,
    "weapon_odds": null,
    "dice": null,
    "sides": null,
    "clothing_type": null,
    "armor_class": 0,
    "armor_type": null,
    "armor_penalty": 0,
    "get_all": true,
    "embedded": false,
    "hidden": false,
    "quantity": -1,
    "effect_id": null,
    "num_effects": null,
    "data": null
  }
},
{
  "model": "adventure.artifact",
  "pk": 2725,
  "fields": {
    "adventure": 3,
    "artifact_id": 26,
    "article": null,
    "name": "empty treasure chests",
    "synonyms": null,
    "is_markdown": false,
    "description": "You see several old oak chests which once held treasure. They have all been smashed open and looted by a previous visitor. \"Edgar took all the treasure with him.\" A.J. informs you.",
    "effect": null,
    "effect_inline": null,
    "room_id": 27,
    "monster_id": null,
    "container_id": null,
    "guard_id": null,
    "weight": -999,
    "value": 0,
    "type": 4,
    "is_worn": false,
    "is_open": false,
    "key_id": null,
    "linked_door_id": null,
    "hardiness": null,
    "weapon_type": null,
    "hands": 1,
    "weapon_odds": null,
    "dice": null,
    "sides": null,
    "clothing_type": null,
    "armor_class": 0,
    "armor_type": null,
    "armor_penalty": 0,
    "get_all": true,
    "embedded": false,
    "hidden": false,
    "quantity": 75,
    "effect_id": null,
    "num_effects": null,
    "data": null
  }
},
{
  "model": "adventure.artifact",
  "pk": 2726,
  "fields": {
    "adventure": 3,
    "artifact_id": 27,
    "article": null,
    "name": "life support equipment",
    "synonyms": "equipment",
    "is_markdown": false,
    "description": "You see a ghastly mess of wires and vacuum tubes which are connected to the tank through a series of hoses and wires. This appears to be The Mind's life support system.",
    "effect": null,
    "effect_inline": null,
    "room_id": 29,
    "monster_id": null,
    "container_id": null,
    "guard_id": null,
    "weight": -999,
    "value": 0,
    "type": 1,
    "is_worn": false,
    "is_open": false,
    "key_id": null,
    "linked_door_id": null,
    "hardiness": null,
    "weapon_type": null,
    "hands": 1,
    "weapon_odds": null,
    "dice": null,
    "sides": null,
    "clothing_type": null,
    "armor_class": 0,
    "armor_type": null,
    "armor_penalty": 0,
    "get_all": true,
    "embedded": true,
    "hidden": false,
    "quantity": null,
    "effect_id": null,
    "num_effects": null,
    "data": null
  }
},
{
  "model": "adventure.artifact",
  "pk": 2727,
  "fields": {
    "adventure": 3,
    "artifact_id": 28,
    "article": null,
    "name": "smashed equipment",
    "synonyms": null,
    "is_markdown": false,
    "description": "You see broken remains of The Mind's life support equipment.",
    "effect": null,
    "effect_inline": null,
    "room_id": 0,
    "monster_id": null,
    "container_id": null,
    "guard_id": null,
    "weight": -999,
    "value": 0,
    "type": 1,
    "is_worn": false,
    "is_open": false,
    "key_id": null,
    "linked_door_id": null,
    "hardiness": null,
    "weapon_type": null,
    "hands": 1,
    "weapon_odds": null,
    "dice": null,
    "sides": null,
    "clothing_type": null,
    "armor_class": 0,
    "armor_type": null,
    "armor_penalty": 0,
    "get_all": true,
    "embedded": false,
    "hidden": false,
    "quantity": null,
    "effect_id": null,
    "num_effects": null,
    "data": null
  }
},
{
  "model": "adventure.artifact",
  "pk": 2728,
  "fields": {
    "adventure": 3,
    "artifact_id": 29,
    "article": null,
    "name": "panel to the west",
    "synonyms": null,
    "is_markdown": false,
    "description": "The panel is the door for some sort of giant cupboard or something. It looks like it could be forced open.",
    "effect": null,
    "effect_inline": null,
    "room_id": 29,
    "monster_id": null,
    "container_id": null,
    "guard_id": null,
    "weight": -999,
    "value": 0,
    "type": 8,
    "is_worn": false,
    "is_open": false,
    "key_id": 0,
    "linked_door_id": null,
    "hardiness": 20,
    "weapon_type": null,
    "hands": 1,
    "weapon_odds": null,
    "dice": null,
    "sides": null,
    "clothing_type": null,
    "armor_class": 0,
    "armor_type": null,
    "armor_penalty": 0,
    "get_all": true,
    "embedded": true,
    "hidden": false,
    "quantity": null,
    "effect_id": null,
    "num_effects": null,
    "data": null
  }
},
{
  "model": "adventure.artifact",
  "pk": 2729,
  "fields": {
    "adventure": 3,
    "artifact_id": 30,
    "article": null,
    "name": "crate of potions",
    "synonyms": null,
    "is_markdown": false,
    "description": "You see a large packing crate. It is overflowing with grails that are identical to the one which held the magic potion that brought you here.",
    "effect": null,
    "effect_inline": null,
    "room_id": 30,
    "monster_id": null,
    "container_id": null,
    "guard_id": null,
    "weight": 999,
    "value": 0,
    "type": 1,
    "is_worn": false,
    "is_open": false,
    "key_id": null,
    "linked_door_id": null,
    "hardiness": null,
    "weapon_type": null,
    "hands": 1,
    "weapon_odds": null,
    "dice": null,
    "sides": null,
    "clothing_type": null,
    "armor_class": 0,
    "armor_type": null,
    "armor_penalty": 0,
    "get_all": true,
    "embedded": false,
    "hidden": false,
    "quantity": null,
    "effect_id": null,
    "num_effects": null,
    "data": null
  }
},
{
  "model": "adventure.artifact",
  "pk": 2730,
  "fields": {
    "adventure": 3,
    "artifact_id": 31,
    "article": null,
    "name": "skeleton",
    "synonyms": null,
    "is_markdown": false,
    "description": "It seems that right before this poor fellow died, he managed to carve a crude music note into the wall.",
    "effect": null,
    "effect_inline": null,
    "room_id": 21,
    "monster_id": null,
    "container_id": null,
    "guard_id": null,
    "weight": -999,
    "value": 0,
    "type": 1,
    "is_worn": false,
    "is_open": false,
    "key_id": null,
    "linked_door_id": null,
    "hardiness": null,
    "weapon_type": null,
    "hands": 1,
    "weapon_odds": null,
    "dice": null,
    "sides": null,
    "clothing_type": null,
    "armor_class": 0,
    "armor_type": null,
    "armor_penalty": 0,
    "get_all": true,
    "embedded": true,
    "hidden": false,
    "quantity": null,
    "effect_id": null,
    "num_effects": null,
    "data": null
  }
},
{
  "model": "adventure.artifact",
  "pk": 2731,
  "fields": {
    "adventure": 3,
    "artifact_id": 32,
    "article": null,
    "name": "potion dispenser",
    "synonyms": null,
    "is_markdown": false,
    "description": "You see a large vending machine. Instead of soda or candy, this machine dispenses bubbling green potions which bring adventurers to the Cave of The Mind. A sign says, \"OUT OF ORDER\".",
    "effect": null,
    "effect_inline": null,
    "room_id": 30,
    "monster_id": null,
    "container_id": null,
    "guard_id": null,
    "weight": 999,
    "value": 1000,
    "type": 1,
    "is_worn": false,
    "is_open": false,
    "key_id": null,
    "linked_door_id": null,
    "hardiness": null,
    "weapon_type": null,
    "hands": 1,
    "weapon_odds": null,
    "dice": null,
    "sides": null,
    "clothing_type": null,
    "armor_class": 0,
    "armor_type": null,
    "armor_penalty": 0,
    "get_all": true,
    "embedded": false,
    "hidden": false,
    "quantity": null,
    "effect_id": null,
    "num_effects": null,
    "data": null
  }
},
{
  "model": "adventure.artifact",
  "pk": 2732,
  "fields": {
    "adventure": 3,
    "artifact_id": 33,
    "article": null,
    "name": "Cylon's feet",
    "synonyms": null,
    "is_markdown": false,
    "description": "Amidst the scalding hot puddle of metal stand the Cylon's feet. They are still intact up to his knees, and a bunch of wires are sticking out.",
    "effect": null,
    "effect_inline": null,
    "room_id": 0,
    "monster_id": null,
    "container_id": null,
    "guard_id": null,
    "weight": 30,
    "value": 0,
    "type": 1,
    "is_worn": false,
    "is_open": false,
    "key_id": null,
    "linked_door_id": null,
    "hardiness": null,
    "weapon_type": null,
    "hands": 1,
    "weapon_odds": null,
    "dice": null,
    "sides": null,
    "clothing_type": null,
    "armor_class": 0,
    "armor_type": null,
    "armor_penalty": 0,
    "get_all": true,
    "embedded": false,
    "hidden": false,
    "quantity": null,
    "effect_id": null,
    "num_effects": null,
    "data": null
  }
},
{
  "model": "adventure.artifact",
  "pk": 2733,
  "fields": {
    "adventure": 3,
    "artifact_id": 34,
    "article": null,
    "name": "silver key",
    "synonyms": null,
    "is_markdown": false,
    "description": "You see a large silver key lying on the floor. It appears as if somebody has dropped it.",
    "effect": null,
    "effect_inline": null,
    "room_id": 30,
    "monster_id": null,
    "container_id": null,
    "guard_id": null,
    "weight": 1,
    "value": 5,
    "type": 1,
    "is_worn": false,
    "is_open": false,
    "key_id": null,
    "linked_door_id": null,
    "hardiness": null,
    "weapon_type": null,
    "hands": 1,
    "weapon_odds": null,
    "dice": null,
    "sides": null,
    "clothing_type": null,
    "armor_class": 0,
    "armor_type": null,
    "armor_penalty": 0,
    "get_all": true,
    "embedded": false,
    "hidden": false,
    "quantity": null,
    "effect_id": null,
    "num_effects": null,
    "data": null
  }
},
{
  "model": "adventure.artifact",
  "pk": 2734,
  "fields": {
    "adventure": 3,
    "artifact_id": 35,
    "article": null,
    "name": "control panel",
    "synonyms": null,
    "is_markdown": false,
    "description": "The cover has been removed and it looks as if several adventurers have already tried to hotwire the thing. None seem to have succeeded. The only way to operate this death trap is by first turning it on with a key.",
    "effect": null,
    "effect_inline": null,
    "room_id": 23,
    "monster_id": null,
    "container_id": null,
    "guard_id": null,
    "weight": -999,
    "value": 0,
    "type": 1,
    "is_worn": false,
    "is_open": false,
    "key_id": null,
    "linked_door_id": null,
    "hardiness": null,
    "weapon_type": null,
    "hands": 1,
    "weapon_odds": null,
    "dice": null,
    "sides": null,
    "clothing_type": null,
    "armor_class": 0,
    "armor_type": null,
    "armor_penalty": 0,
    "get_all": true,
    "embedded": true,
    "hidden": false,
    "quantity": null,
    "effect_id": null,
    "num_effects": null,
    "data": null
  }
},
{
  "model": "adventure.artifact",
  "pk": 2735,
  "fields": {
    "adventure": 3,
    "artifact_id": 36,
    "article": null,
    "name": "silver coins",
    "synonyms": null,
    "is_markdown": false,
    "description": "You see a moldy old bag which contains around 5,000 silver coins!",
    "effect": null,
    "effect_inline": null,
    "room_id": 31,
    "monster_id": null,
    "container_id": null,
    "guard_id": null,
    "weight": 85,
    "value": 2200,
    "type": 1,
    "is_worn": false,
    "is_open": false,
    "key_id": null,
    "linked_door_id": null,
    "hardiness": null,
    "weapon_type": null,
    "hands": 1,
    "weapon_odds": null,
    "dice": null,
    "sides": null,
    "clothing_type": null,
    "armor_class": 0,
    "armor_type": null,
    "armor_penalty": 0,
    "get_all": true,
    "embedded": false,
    "hidden": false,
    "quantity": null,
    "effect_id": null,
    "num_effects": null,
    "data": null
  }
},
{
  "model": "adventure.artifact",
  "pk": 2736,
  "fields": {
    "adventure": 3,
    "artifact_id": 37,
    "article": null,
    "name": "ruby ring",
    "synonyms": null,
    "is_markdown": false,
    "description": "You see a lovely gold ring with a giant ruby set in it. It doesn't appear magical, but is still very valuable.",
    "effect": null,
    "effect_inline": null,
    "room_id": null,
    "monster_id": null,
    "container_id": 6,
    "guard_id": null,
    "weight": 1,
    "value": 100,
    "type": 11,
    "is_worn": false,
    "is_open": false,
    "key_id": null,
    "linked_door_id": null,
    "hardiness": null,
    "weapon_type": null,
    "hands": 1,
    "weapon_odds": null,
    "dice": null,
    "sides": null,
    "clothing_type": 5,
    "armor_class": 0,
    "armor_type": null,
    "armor_penalty": 0,
    "get_all": true,
    "embedded": false,
    "hidden": false,
    "quantity": null,
    "effect_id": null,
    "num_effects": null,
    "data": null
  }
},
{
  "model": "adventure.artifact",
  "pk": 2737,
  "fields": {
    "adventure": 3,
    "artifact_id": 38,
    "article": null,
    "name": "dead troll",
    "synonyms": null,
    "is_markdown": false,
    "description": "Before you lies the smelly corpse of the creature which bore striking resemblance to a troll.",
    "effect": null,
    "effect_inline": null,
    "room_id": 0,
    "monster_id": null,
    "container_id": null,
    "guard_id": null,
    "weight": -999,
    "value": 0,
    "type": 13,
    "is_worn": false,
    "is_open": false,
    "key_id": null,
    "linked_door_id": null,
    "hardiness": null,
    "weapon_type": null,
    "hands": 1,
    "weapon_odds": null,
    "dice": null,
    "sides": null,
    "clothing_type": null,
    "armor_class": 0,
    "armor_type": null,
    "armor_penalty": 0,
    "get_all": false,
    "embedded": false,
    "hidden": false,
    "quantity": null,
    "effect_id": null,
    "num_effects": null,
    "data": null
  }
},
{
  "model": "adventure.artifact",
  "pk": 2738,
  "fields": {
    "adventure": 3,
    "artifact_id": 39,
    "article": null,
    "name": "dead snake",
    "synonyms": null,
    "is_markdown": false,
    "description": "You see the motionless snake.",
    "effect": null,
    "effect_inline": null,
    "room_id": 0,
    "monster_id": null,
    "container_id": null,
    "guard_id": null,
    "weight": 100,
    "value": 0,
    "type": 13,
    "is_worn": false,
    "is_open": false,
    "key_id": null,
    "linked_door_id": null,
    "hardiness": null,
    "weapon_type": null,
    "hands": 1,
    "weapon_odds": null,
    "dice": null,
    "sides": null,
    "clothing_type": null,
    "armor_class": 0,
    "armor_type": null,
    "armor_penalty": 0,
    "get_all": false,
    "embedded": false,
    "hidden": false,
    "quantity": null,
    "effect_id": null,
    "num_effects": null,
    "data": null
  }
},
{
  "model": "adventure.artifact",
  "pk": 2739,
  "fields": {
    "adventure": 3,
    "artifact_id": 40,
    "article": null,
    "name": "dead wizard",
    "synonyms": null,
    "is_markdown": false,
    "description": "The body of the old wizard lies before you.",
    "effect": null,
    "effect_inline": null,
    "room_id": 0,
    "monster_id": null,
    "container_id": null,
    "guard_id": null,
    "weight": 65,
    "value": 0,
    "type": 13,
    "is_worn": false,
    "is_open": false,
    "key_id": null,
    "linked_door_id": null,
    "hardiness": null,
    "weapon_type": null,
    "hands": 1,
    "weapon_odds": null,
    "dice": null,
    "sides": null,
    "clothing_type": null,
    "armor_class": 0,
    "armor_type": null,
    "armor_penalty": 0,
    "get_all": false,
    "embedded": false,
    "hidden": false,
    "quantity": null,
    "effect_id": null,
    "num_effects": null,
    "data": null
  }
},
{
  "model": "adventure.artifact",
  "pk": 2740,
  "fields": {
    "adventure": 3,
    "artifact_id": 41,
    "article": null,
    "name": "dead flytrap",
    "synonyms": null,
    "is_markdown": false,
    "description": "You see the dead foliage of the Venus flytrap.",
    "effect": null,
    "effect_inline": null,
    "room_id": 0,
    "monster_id": null,
    "container_id": null,
    "guard_id": null,
    "weight": 300,
    "value": 0,
    "type": 1,
    "is_worn": false,
    "is_open": false,
    "key_id": null,
    "linked_door_id": null,
    "hardiness": null,
    "weapon_type": null,
    "hands": 1,
    "weapon_odds": null,
    "dice": null,
    "sides": null,
    "clothing_type": null,
    "armor_class": 0,
    "armor_type": null,
    "armor_penalty": 0,
    "get_all": false,
    "embedded": false,
    "hidden": false,
    "quantity": null,
    "effect_id": null,
    "num_effects": null,
    "data": null
  }
},
{
  "model": "adventure.artifact",
  "pk": 2741,
  "fields": {
    "adventure": 3,
    "artifact_id": 42,
    "article": null,
    "name": "dead cyclops",
    "synonyms": null,
    "is_markdown": false,
    "description": "You see nasty remains of the horribly ugly cyclops. It looks a bit better now.",
    "effect": null,
    "effect_inline": null,
    "room_id": 0,
    "monster_id": null,
    "container_id": null,
    "guard_id": null,
    "weight": 500,
    "value": 0,
    "type": 13,
    "is_worn": false,
    "is_open": false,
    "key_id": null,
    "linked_door_id": null,
    "hardiness": null,
    "weapon_type": null,
    "hands": 1,
    "weapon_odds": null,
    "dice": null,
    "sides": null,
    "clothing_type": null,
    "armor_class": 0,
    "armor_type": null,
    "armor_penalty": 0,
    "get_all": false,
    "embedded": false,
    "hidden": false,
    "quantity": null,
    "effect_id": null,
    "num_effects": null,
    "data": null
  }
},
{
  "model": "adventure.artifact",
  "pk": 2742,
  "fields": {
    "adventure": 3,
    "artifact_id": 43,
    "article": null,
    "name": "dead fencer",
    "synonyms": null,
    "is_markdown": false,
    "description": "Before you lies the body of the fencing master, his body frozen in one last feint.",
    "effect": null,
    "effect_inline": null,
    "room_id": 0,
    "monster_id": null,
    "container_id": null,
    "guard_id": null,
    "weight": 90,
    "value": 0,
    "type": 13,
    "is_worn": false,
    "is_open": false,
    "key_id": null,
    "linked_door_id": null,
    "hardiness": null,
    "weapon_type": null,
    "hands": 1,
    "weapon_odds": null,
    "dice": null,
    "sides": null,
    "clothing_type": null,
    "armor_class": 0,
    "armor_type": null,
    "armor_penalty": 0,
    "get_all": false,
    "embedded": false,
    "hidden": false,
    "quantity": null,
    "effect_id": null,
    "num_effects": null,
    "data": null
  }
},
{
  "model": "adventure.artifact",
  "pk": 2743,
  "fields": {
    "adventure": 3,
    "artifact_id": 44,
    "article": null,
    "name": "dead chef",
    "synonyms": null,
    "is_markdown": false,
    "description": "You see the large body of your dead friend, the chef.",
    "effect": null,
    "effect_inline": null,
    "room_id": 0,
    "monster_id": null,
    "container_id": null,
    "guard_id": null,
    "weight": 100,
    "value": 0,
    "type": 13,
    "is_worn": false,
    "is_open": false,
    "key_id": null,
    "linked_door_id": null,
    "hardiness": null,
    "weapon_type": null,
    "hands": 1,
    "weapon_odds": null,
    "dice": null,
    "sides": null,
    "clothing_type": null,
    "armor_class": 0,
    "armor_type": null,
    "armor_penalty": 0,
    "get_all": false,
    "embedded": false,
    "hidden": false,
    "quantity": null,
    "effect_id": null,
    "num_effects": null,
    "data": null
  }
},
{
  "model": "adventure.artifact",
  "pk": 2744,
  "fields": {
    "adventure": 3,
    "artifact_id": 45,
    "article": null,
    "name": "dead bat",
    "synonyms": null,
    "is_markdown": false,
    "description": "You see the dead bat. Blood has colored his little tuxedo red.",
    "effect": null,
    "effect_inline": null,
    "room_id": 0,
    "monster_id": null,
    "container_id": null,
    "guard_id": null,
    "weight": 10,
    "value": 0,
    "type": 13,
    "is_worn": false,
    "is_open": false,
    "key_id": null,
    "linked_door_id": null,
    "hardiness": null,
    "weapon_type": null,
    "hands": 1,
    "weapon_odds": null,
    "dice": null,
    "sides": null,
    "clothing_type": null,
    "armor_class": 0,
    "armor_type": null,
    "armor_penalty": 0,
    "get_all": false,
    "embedded": false,
    "hidden": false,
    "quantity": null,
    "effect_id": null,
    "num_effects": null,
    "data": null
  }
},
{
  "model": "adventure.artifact",
  "pk": 2745,
  "fields": {
    "adventure": 3,
    "artifact_id": 46,
    "article": null,
    "name": "dead Cylon",
    "synonyms": null,
    "is_markdown": false,
    "description": "You see the Cylon robot, its red eye is no longer moving.",
    "effect": null,
    "effect_inline": null,
    "room_id": 0,
    "monster_id": null,
    "container_id": null,
    "guard_id": null,
    "weight": 300,
    "value": 0,
    "type": 13,
    "is_worn": false,
    "is_open": false,
    "key_id": null,
    "linked_door_id": null,
    "hardiness": null,
    "weapon_type": null,
    "hands": 1,
    "weapon_odds": null,
    "dice": null,
    "sides": null,
    "clothing_type": null,
    "armor_class": 0,
    "armor_type": null,
    "armor_penalty": 0,
    "get_all": false,
    "embedded": false,
    "hidden": false,
    "quantity": null,
    "effect_id": null,
    "num_effects": null,
    "data": null
  }
},
{
  "model": "adventure.artifact",
  "pk": 2746,
  "fields": {
    "adventure": 3,
    "artifact_id": 47,
    "article": null,
    "name": "dead woman",
    "synonyms": null,
    "is_markdown": false,
    "description": "You see the cadaver of the woman.",
    "effect": null,
    "effect_inline": null,
    "room_id": 0,
    "monster_id": null,
    "container_id": null,
    "guard_id": null,
    "weight": 65,
    "value": 0,
    "type": 13,
    "is_worn": false,
    "is_open": false,
    "key_id": null,
    "linked_door_id": null,
    "hardiness": null,
    "weapon_type": null,
    "hands": 1,
    "weapon_odds": null,
    "dice": null,
    "sides": null,
    "clothing_type": null,
    "armor_class": 0,
    "armor_type": null,
    "armor_penalty": 0,
    "get_all": false,
    "embedded": false,
    "hidden": false,
    "quantity": null,
    "effect_id": null,
    "num_effects": null,
    "data": null
  }
},
{
  "model": "adventure.artifact",
  "pk": 2747,
  "fields": {
    "adventure": 3,
    "artifact_id": 48,
    "article": null,
    "name": "A.J.'s body",
    "synonyms": null,
    "is_markdown": false,
    "description": "You see A.J.'s body.",
    "effect": null,
    "effect_inline": null,
    "room_id": 0,
    "monster_id": null,
    "container_id": null,
    "guard_id": null,
    "weight": -999,
    "value": 0,
    "type": 13,
    "is_worn": false,
    "is_open": false,
    "key_id": null,
    "linked_door_id": null,
    "hardiness": null,
    "weapon_type": null,
    "hands": 1,
    "weapon_odds": null,
    "dice": null,
    "sides": null,
    "clothing_type": null,
    "armor_class": 0,
    "armor_type": null,
    "armor_penalty": 0,
    "get_all": false,
    "embedded": false,
    "hidden": false,
    "quantity": null,
    "effect_id": null,
    "num_effects": null,
    "data": null
  }
},
{
  "model": "adventure.artifact",
  "pk": 2748,
  "fields": {
    "adventure": 3,
    "artifact_id": 49,
    "article": null,
    "name": "The Mind's body",
    "synonyms": null,
    "is_markdown": false,
    "description": "You see the remains of the giant dead brain, covered in sticky fluid and shattered bits of glass.",
    "effect": null,
    "effect_inline": null,
    "room_id": 0,
    "monster_id": null,
    "container_id": null,
    "guard_id": null,
    "weight": -999,
    "value": 0,
    "type": 13,
    "is_worn": false,
    "is_open": false,
    "key_id": null,
    "linked_door_id": null,
    "hardiness": null,
    "weapon_type": null,
    "hands": 1,
    "weapon_odds": null,
    "dice": null,
    "sides": null,
    "clothing_type": null,
    "armor_class": 0,
    "armor_type": null,
    "armor_penalty": 0,
    "get_all": false,
    "embedded": false,
    "hidden": false,
    "quantity": null,
    "effect_id": null,
    "num_effects": null,
    "data": null
  }
},
{
  "model": "adventure.artifact",
  "pk": 2749,
  "fields": {
    "adventure": 3,
    "artifact_id": 50,
    "article": null,
    "name": "destroyed robot",
    "synonyms": null,
    "is_markdown": false,
    "description": "You see the little robot man lying here with a huge smoking dent in his forehead.",
    "effect": null,
    "effect_inline": null,
    "room_id": 0,
    "monster_id": null,
    "container_id": null,
    "guard_id": null,
    "weight": -999,
    "value": 0,
    "type": 1,
    "is_worn": false,
    "is_open": false,
    "key_id": null,
    "linked_door_id": null,
    "hardiness": null,
    "weapon_type": null,
    "hands": 1,
    "weapon_odds": null,
    "dice": null,
    "sides": null,
    "clothing_type": null,
    "armor_class": 0,
    "armor_type": null,
    "armor_penalty": 0,
    "get_all": false,
    "embedded": false,
    "hidden": false,
    "quantity": null,
    "effect_id": null,
    "num_effects": null,
    "data": null
  }
},
{
  "model": "adventure.artifact",
  "pk": 2750,
  "fields": {
    "adventure": 3,
    "artifact_id": 51,
    "article": null,
    "name": "dead dwarves",
    "synonyms": null,
    "is_markdown": false,
    "description": "You a disgusting pile of dead dwarves here.",
    "effect": null,
    "effect_inline": null,
    "room_id": 0,
    "monster_id": null,
    "container_id": null,
    "guard_id": null,
    "weight": -999,
    "value": 0,
    "type": 1,
    "is_worn": false,
    "is_open": false,
    "key_id": null,
    "linked_door_id": null,
    "hardiness": null,
    "weapon_type": null,
    "hands": 1,
    "weapon_odds": null,
    "dice": null,
    "sides": null,
    "clothing_type": null,
    "armor_class": 0,
    "armor_type": null,
    "armor_penalty": 0,
    "get_all": false,
    "embedded": false,
    "hidden": false,
    "quantity": null,
    "effect_id": null,
    "num_effects": null,
    "data": null
  }
},
{
  "model": "adventure.effect",
  "pk": 197,
  "fields": {
    "adventure": 3,
    "effect_id": 1,
    "is_markdown": false,
    "text": "After reading those wise words, you feel stronger! Unfortunately you feel stronger because all your weapons have vanished, and your load is lighter...",
    "style": null,
    "next": null,
    "next_inline": null
  }
},
{
  "model": "adventure.effect",
  "pk": 198,
  "fields": {
    "adventure": 3,
    "effect_id": 2,
    "is_markdown": false,
    "text": "\"This entitles the owner to one free Cyber-Bit, should the owner leave the cave alive.\"",
    "style": null,
    "next": null,
    "next_inline": null
  }
},
{
  "model": "adventure.effect",
  "pk": 199,
  "fields": {
    "adventure": 3,
    "effect_id": 3,
    "is_markdown": false,
    "text": "As you open the box, a flash of light explodes from it. The room fills with smoke and you hear a booming voice say, \"Beware! Beware!\"  \"Beware what?\" you ask. \"Beware my magical spell, TRILDER!\" the booming voice replies.",
    "style": null,
    "next": null,
    "next_inline": null
  }
},
{
  "model": "adventure.effect",
  "pk": 200,
  "fields": {
    "adventure": 3,
    "effect_id": 4,
    "is_markdown": false,
    "text": "Congratulations! You have found the secret message for this adventure.",
    "style": null,
    "next": null,
    "next_inline": null
  }
},
{
  "model": "adventure.effect",
  "pk": 201,
  "fields": {
    "adventure": 3,
    "effect_id": 5,
    "is_markdown": false,
    "text": "A booming voices from the north yells, \"HALT! The next person to step through the door will be melted by my new Insta-Melt (tm) heat ray! Don't come any closer! I mean it!\"",
    "style": null,
    "next": null,
    "next_inline": null
  }
},
{
  "model": "adventure.effect",
  "pk": 202,
  "fields": {
    "adventure": 3,
    "effect_id": 6,
    "is_markdown": false,
    "text": "As the Cylon approaches the door a small device pops out of the floor behind him. A searing ray bursts forth from it melting him instantly. Fortunately the ray became so hot that the device melted itself in the process.",
    "style": null,
    "next": null,
    "next_inline": null
  }
},
{
  "model": "adventure.effect",
  "pk": 203,
  "fields": {
    "adventure": 3,
    "effect_id": 7,
    "is_markdown": false,
    "text": "\"No, please! Stop!\" The Mind pleads, \"I'll die! Ahhhhhhhhhhhhhhhhhhh! Ahhhhhhhhhhhhhhhhhhhhhh! Ahhhhhhhhhhhhhhhhhhhhhhh!\" Its screams of anguish give you a bigger headache than A.J.'s harmonica.",
    "style": null,
    "next": null,
    "next_inline": null
  }
},
{
  "model": "adventure.effect",
  "pk": 204,
  "fields": {
    "adventure": 3,
    "effect_id": 8,
    "is_markdown": false,
    "text": "As you approach the door a small device pops out of the floor behind you. A searing ray bursts forth from it killing you in a horribly painful way!",
    "style": null,
    "next": null,
    "next_inline": null
  }
},
{
  "model": "adventure.effect",
  "pk": 205,
  "fields": {
    "adventure": 3,
    "effect_id": 9,
    "is_markdown": false,
    "text": "As you start to descend, the elevator starts making such horrible grinding noises that you fearfully switch it off. Something is blocking the shaft, and you'll only be able to travel up.",
    "style": null,
    "next": null,
    "next_inline": null
  }
},
{
  "model": "adventure.effect",
  "pk": 206,
  "fields": {
    "adventure": 3,
    "effect_id": 10,
    "is_markdown": false,
    "text": "When your sight returns you find yourself at the very spot where you first drank the little man's potion. You pick yourself up and return to the Main Hall to order a much-deserved Double-Dragon Blomb.",
    "style": null,
    "next": null,
    "next_inline": null
  }
},
{
  "model": "adventure.effect",
  "pk": 207,
  "fields": {
    "adventure": 3,
    "effect_id": 11,
    "is_markdown": false,
    "text": "Your friend, the Chef happily gets a job working in the kitchen of the Main Hall. Saying, if he can make a meal which pleases a giant brain then he can cook for anybody. Nobody argues with him.",
    "style": null,
    "next": null,
    "next_inline": null
  }
},
{
  "model": "adventure.effect",
  "pk": 208,
  "fields": {
    "adventure": 3,
    "effect_id": 12,
    "is_markdown": false,
    "text": "A.J. hangs around the Main Hall for a few days, then leaves to go rafting on the dangerous Zyphur River. He does not return.",
    "style": null,
    "next": null,
    "next_inline": null
  }
},
{
  "model": "adventure.effect",
  "pk": 209,
  "fields": {
    "adventure": 3,
    "effect_id": 13,
    "is_markdown": false,
    "text": "\"HEY!! I WAS WATCHING THAT!\" screams the old wizard in a sudden rage.",
    "style": null,
    "next": null,
    "next_inline": null
  }
},
{
  "model": "adventure.effect",
  "pk": 210,
  "fields": {
    "adventure": 3,
    "effect_id": 14,
    "is_markdown": false,
    "text": "Congratulations, you've won a free Cyber-Bit. Unfortunately we are currently out of them, but you can have a leftover \"Autobot\" symbol instead.",
    "style": null,
    "next": null,
    "next_inline": null
  }
},
{
  "model": "adventure.effect",
  "pk": 1804,
  "fields": {
    "adventure": 3,
    "effect_id": 15,
    "is_markdown": false,
    "text": "The voice again booms at you, \"So it still has a few bugs, I'd like to see you build a better one! Now see if you can defeat my foot-soldiers!\" A panel then opens up and a troop of dwarves in plate mail armor charge at you.",
    "style": null,
    "next": null,
    "next_inline": null
  }
},
{
  "model": "adventure.monster",
  "pk": 1435,
  "fields": {
    "adventure": 3,
    "monster_id": 1,
    "article": null,
    "name": "Troll",
    "name_plural": null,
    "synonyms": null,
    "is_markdown": false,
    "description": "Before you stands a very nasty looking troll-like creature wielding a large knobberry. He is obviously not a friend.",
    "effect": null,
    "effect_inline": null,
    "count": 1,
    "hardiness": 20,
    "agility": 14,
    "friendliness": "hostile",
    "friend_odds": 50,
    "combat_code": 0,
    "courage": 125,
    "pursues": true,
    "room_id": 16,
    "container_id": null,
    "gender": "",
    "weapon_id": 13,
    "attack_odds": 50,
    "weapon_dice": 1,
    "weapon_sides": 10,
    "defense_bonus": 0,
    "armor_class": 3,
    "special": null,
    "data": null,
    "combat_verbs": null
  }
},
{
  "model": "adventure.monster",
  "pk": 1436,
  "fields": {
    "adventure": 3,
    "monster_id": 2,
    "article": null,
    "name": "Snake",
    "name_plural": null,
    "synonyms": null,
    "is_markdown": false,
    "description": "From the corner of the room slithers a gigantic snake with needle-like fangs. You notice a curious lump half way down his length which moves and emits mewling cries of anguish.",
    "effect": null,
    "effect_inline": null,
    "count": 1,
    "hardiness": 12,
    "agility": 8,
    "friendliness": "hostile",
    "friend_odds": 50,
    "combat_code": 0,
    "courage": 200,
    "pursues": true,
    "room_id": 5,
    "container_id": null,
    "gender": "",
    "weapon_id": 0,
    "attack_odds": 50,
    "weapon_dice": 1,
    "weapon_sides": 5,
    "defense_bonus": 0,
    "armor_class": 2,
    "special": null,
    "data": null,
    "combat_verbs": null
  }
},
{
  "model": "adventure.monster",
  "pk": 1437,
  "fields": {
    "adventure": 3,
    "monster_id": 3,
    "article": null,
    "name": "Wizard",
    "name_plural": null,
    "synonyms": null,
    "is_markdown": false,
    "description": "You see an old man, probably a one-time wizard. His clothing is old and faded, and he has a glazed look in his eyes. He is sitting on a stool, watching television.",
    "effect": null,
    "effect_inline": null,
    "count": 1,
    "hardiness": 11,
    "agility": 8,
    "friendliness": "neutral",
    "friend_odds": 50,
    "combat_code": 0,
    "courage": 90,
    "pursues": true,
    "room_id": 25,
    "container_id": null,
    "gender": "",
    "weapon_id": 12,
    "attack_odds": 50,
    "weapon_dice": 1,
    "weapon_sides": 6,
    "defense_bonus": 0,
    "armor_class": 1,
    "special": null,
    "data": null,
    "combat_verbs": null
  }
},
{
  "model": "adventure.monster",
  "pk": 1438,
  "fields": {
    "adventure": 3,
    "monster_id": 4,
    "article": null,
    "name": "Venus Flytrap",
    "name_plural": null,
    "synonyms": null,
    "is_markdown": false,
    "description": "Upon entering you see a rather unusual Venus flytrap. The unusual thing about it being its size. Its six-foot palps snap nervously open and shut.",
    "effect": null,
    "effect_inline": null,
    "count": 1,
    "hardiness": 17,
    "agility": 10,
    "friendliness": "hostile",
    "friend_odds": 50,
    "combat_code": 0,
    "courage": 200,
    "pursues": false,
    "room_id": 26,
    "container_id": null,
    "gender": "",
    "weapon_id": 0,
    "attack_odds": 50,
    "weapon_dice": 1,
    "weapon_sides": 6,
    "defense_bonus": 0,
    "armor_class": 2,
    "special": null,
    "data": null,
    "combat_verbs": null
  }
},
{
  "model": "adventure.monster",
  "pk": 1439,
  "fields": {
    "adventure": 3,
    "monster_id": 5,
    "article": null,
    "name": "Cyclops",
    "name_plural": null,
    "synonyms": null,
    "is_markdown": false,
    "description": "Before you stands the most terrifying sight you have ever seen. He has one gigantic eye, two holes for nostrils, and a V-shaped drooling mouth filled with rotten snaggly teeth. In his two thumbed hand is a huge magic club.",
    "effect": null,
    "effect_inline": null,
    "count": 1,
    "hardiness": 32,
    "agility": 20,
    "friendliness": "hostile",
    "friend_odds": 50,
    "combat_code": 0,
    "courage": 200,
    "pursues": true,
    "room_id": 18,
    "container_id": null,
    "gender": "",
    "weapon_id": 11,
    "attack_odds": 50,
    "weapon_dice": 1,
    "weapon_sides": 15,
    "defense_bonus": 0,
    "armor_class": 3,
    "special": null,
    "data": null,
    "combat_verbs": null
  }
},
{
  "model": "adventure.monster",
  "pk": 1440,
  "fields": {
    "adventure": 3,
    "monster_id": 6,
    "article": null,
    "name": "Fencing Master",
    "name_plural": null,
    "synonyms": null,
    "is_markdown": false,
    "description": "You see a man in full fencing garb. A patch on his uniform says \"Swedish Fencing team -- 1977\". He carries a foil which flickers in the candlelight as he makes his feints.",
    "effect": null,
    "effect_inline": null,
    "count": 1,
    "hardiness": 15,
    "agility": 20,
    "friendliness": "random",
    "friend_odds": 75,
    "combat_code": 0,
    "courage": 125,
    "pursues": true,
    "room_id": 13,
    "container_id": null,
    "gender": "",
    "weapon_id": 14,
    "attack_odds": 50,
    "weapon_dice": 1,
    "weapon_sides": 6,
    "defense_bonus": 0,
    "armor_class": 2,
    "special": null,
    "data": null,
    "combat_verbs": null
  }
},
{
  "model": "adventure.monster",
  "pk": 1441,
  "fields": {
    "adventure": 3,
    "monster_id": 7,
    "article": null,
    "name": "Chef",
    "name_plural": null,
    "synonyms": null,
    "is_markdown": false,
    "description": "You see a large jolly man wearing a chef's hat. He's so friendly that you barely notice the huge meat cleaver he is holding, the strange light in his eyes, and the blood stains on his apron. He says he has been forced to cook for \"The Mind\".",
    "effect": null,
    "effect_inline": null,
    "count": 1,
    "hardiness": 32,
    "agility": 15,
    "friendliness": "friend",
    "friend_odds": 50,
    "combat_code": 0,
    "courage": 200,
    "pursues": true,
    "room_id": 8,
    "container_id": null,
    "gender": "",
    "weapon_id": 15,
    "attack_odds": 50,
    "weapon_dice": 1,
    "weapon_sides": 7,
    "defense_bonus": 0,
    "armor_class": 1,
    "special": null,
    "data": null,
    "combat_verbs": null
  }
},
{
  "model": "adventure.monster",
  "pk": 1442,
  "fields": {
    "adventure": 3,
    "monster_id": 8,
    "article": null,
    "name": "Vampire Bat",
    "name_plural": null,
    "synonyms": null,
    "is_markdown": false,
    "description": "As you enter you notice a bat hanging quietly from the cavern roof. You are struck by the fact that it appears to be wearing a black & white tuxedo and a cape. It wakes up suddenly and says, \"Good evening!\" in a Hungarian accent.",
    "effect": null,
    "effect_inline": null,
    "count": 1,
    "hardiness": 5,
    "agility": 21,
    "friendliness": "hostile",
    "friend_odds": 50,
    "combat_code": 0,
    "courage": 200,
    "pursues": true,
    "room_id": 2,
    "container_id": null,
    "gender": "",
    "weapon_id": 0,
    "attack_odds": 50,
    "weapon_dice": 1,
    "weapon_sides": 4,
    "defense_bonus": 0,
    "armor_class": 1,
    "special": null,
    "data": null,
    "combat_verbs": null
  }
},
{
  "model": "adventure.monster",
  "pk": 1443,
  "fields": {
    "adventure": 3,
    "monster_id": 9,
    "article": null,
    "name": "Cylon",
    "name_plural": null,
    "synonyms": null,
    "is_markdown": false,
    "description": "Before you stands a robot-like creature with shiny metallic skin and glowing red eye that roves back and forth in a slit. He is advancing toward you.",
    "effect": null,
    "effect_inline": null,
    "count": 1,
    "hardiness": 40,
    "agility": 10,
    "friendliness": "hostile",
    "friend_odds": 50,
    "combat_code": 0,
    "courage": 200,
    "pursues": true,
    "room_id": 20,
    "container_id": null,
    "gender": "",
    "weapon_id": 0,
    "attack_odds": 50,
    "weapon_dice": 2,
    "weapon_sides": 8,
    "defense_bonus": 0,
    "armor_class": 4,
    "special": null,
    "data": null,
    "combat_verbs": null
  }
},
{
  "model": "adventure.monster",
  "pk": 1444,
  "fields": {
    "adventure": 3,
    "monster_id": 10,
    "article": null,
    "name": "Woman",
    "name_plural": null,
    "synonyms": null,
    "is_markdown": false,
    "description": "Before you stands a beautiful woman with waxen skin, long dark hair, glowing eyes, and ruby lips. She smiles alluringly at you, showing two pointed teeth.",
    "effect": null,
    "effect_inline": null,
    "count": 1,
    "hardiness": 9,
    "agility": 12,
    "friendliness": "random",
    "friend_odds": 40,
    "combat_code": 0,
    "courage": 80,
    "pursues": true,
    "room_id": 19,
    "container_id": null,
    "gender": "",
    "weapon_id": 0,
    "attack_odds": 50,
    "weapon_dice": 1,
    "weapon_sides": 4,
    "defense_bonus": 0,
    "armor_class": 1,
    "special": null,
    "data": null,
    "combat_verbs": null
  }
},
{
  "model": "adventure.monster",
  "pk": 1445,
  "fields": {
    "adventure": 3,
    "monster_id": 11,
    "article": null,
    "name": "A.J.",
    "name_plural": null,
    "synonyms": null,
    "is_markdown": false,
    "description": "You see a friendly, dark haired fellow in plaid pants. He was sitting on an empty chest, playing a harmonica. He explains that he came here with a fellow named \"Edgar the Eccentric\" who accidentally left him behind.",
    "effect": null,
    "effect_inline": null,
    "count": 1,
    "hardiness": 25,
    "agility": 18,
    "friendliness": "friend",
    "friend_odds": 50,
    "combat_code": -1,
    "courage": 200,
    "pursues": true,
    "room_id": 27,
    "container_id": null,
    "gender": "",
    "weapon_id": 20,
    "attack_odds": 50,
    "weapon_dice": 1,
    "weapon_sides": 4,
    "defense_bonus": 0,
    "armor_class": 1,
    "special": null,
    "data": null,
    "combat_verbs": null
  }
},
{
  "model": "adventure.monster",
  "pk": 1446,
  "fields": {
    "adventure": 3,
    "monster_id": 12,
    "article": null,
    "name": "The Mind",
    "name_plural": null,
    "synonyms": null,
    "is_markdown": false,
    "description": "You see a giant brain, 6 feet wide and 12 feet long encased in a liquid filled glass tank. Extending from the tank are a tangle of robot arms and legs which it scuttles about on. A giant speaker is mounted on it as well.",
    "effect": null,
    "effect_inline": null,
    "count": 1,
    "hardiness": 400,
    "agility": 25,
    "friendliness": "hostile",
    "friend_odds": 50,
    "combat_code": 0,
    "courage": 200,
    "pursues": true,
    "room_id": 29,
    "container_id": null,
    "gender": "",
    "weapon_id": 0,
    "attack_odds": 50,
    "weapon_dice": 3,
    "weapon_sides": 8,
    "defense_bonus": 0,
    "armor_class": 5,
    "special": null,
    "data": null,
    "combat_verbs": null
  }
},
{
  "model": "adventure.monster",
  "pk": 1447,
  "fields": {
    "adventure": 3,
    "monster_id": 13,
    "article": null,
    "name": "Little Robot Man",
    "name_plural": null,
    "synonyms": null,
    "is_markdown": false,
    "description": "You see the little man who gave you the magic potion which brought you here. He stands perfectly still and stares ahead blankly. A trail of wires running from his forehead to a plug in the wall seem to indicate that he's some sort of robot.",
    "effect": null,
    "effect_inline": null,
    "count": 1,
    "hardiness": 30,
    "agility": 16,
    "friendliness": "neutral",
    "friend_odds": 50,
    "combat_code": 0,
    "courage": 200,
    "pursues": true,
    "room_id": 30,
    "container_id": null,
    "gender": "",
    "weapon_id": 0,
    "attack_odds": 50,
    "weapon_dice": 1,
    "weapon_sides": 6,
    "defense_bonus": 0,
    "armor_class": 5,
    "special": null,
    "data": null,
    "combat_verbs": null
  }
},
{
  "model": "adventure.monster",
  "pk": 1448,
  "fields": {
    "adventure": 3,
    "monster_id": 14,
    "article": null,
    "name": "Dwarf",
    "name_plural": null,
    "synonyms": null,
    "is_markdown": false,
    "description": "You see some dwarves in plate mail. They all have the same crazy look in their eyes, as if their minds are being controlled.",
    "effect": null,
    "effect_inline": null,
    "count": 7,
    "hardiness": 8,
    "agility": 10,
    "friendliness": "hostile",
    "friend_odds": 50,
    "combat_code": 0,
    "courage": 200,
    "pursues": true,
    "room_id": 0,
    "container_id": null,
    "gender": "",
    "weapon_id": 0,
    "attack_odds": 50,
    "weapon_dice": 1,
    "weapon_sides": 4,
    "defense_bonus": 0,
    "armor_class": 3,
    "special": null,
    "data": null,
    "combat_verbs": null
  }
},
{
  "model": "adventure.hint",
  "pk": 40,
  "fields": {
    "adventure": 3,
    "index": 2,
    "edx": "E003",
    "question": "Cave of the Mind -- Magic word"
  }
},
{
  "model": "adventure.hint",
  "pk": 41,
  "fields": {
    "adventure": 3,
    "index": 3,
    "edx": "E003",
    "question": "Cave of the Mind -- How do I break the quartz wall?"
  }
},
{
  "model": "adventure.hint",
  "pk": 42,
  "fields": {
    "adventure": 3,
    "index": 4,
    "edx": "E003",
    "question": "Cave of the Mind -- Help! My weapons vanished!"
  }
},
{
  "model": "adventure.hint",
  "pk": 43,
  "fields": {
    "adventure": 3,
    "index": 5,
    "edx": "E003",
    "question": "Cave of the Mind -- How do I work the elevator?"
  }
},
{
  "model": "adventure.hint",
  "pk": 44,
  "fields": {
    "adventure": 3,
    "index": 6,
    "edx": "E003",
    "question": "Cave of the Mind -- What do I do with the helmet?"
  }
},
{
  "model": "adventure.hint",
  "pk": 45,
  "fields": {
    "adventure": 3,
    "index": 7,
    "edx": "E003",
    "question": "Cave of the Mind -- Can I cross the chasm?"
  }
},
{
  "model": "adventure.hint",
  "pk": 46,
  "fields": {
    "adventure": 3,
    "index": 8,
    "edx": "E003",
    "question": "Cave of the Mind -- How do I survive the heat ray?"
  }
},
{
  "model": "adventure.hint",
  "pk": 47,
  "fields": {
    "adventure": 3,
    "index": 9,
    "edx": "E003",
    "question": "Cave of the Mind -- How do I defeat The Mind?"
  }
},
{
  "model": "adventure.hint",
  "pk": 48,
  "fields": {
    "adventure": 3,
    "index": 10,
    "edx": "E003",
    "question": "Cave of the Mind -- How do I get out of here?"
  }
},
{
  "model": "adventure.hint",
  "pk": 49,
  "fields": {
    "adventure": 3,
    "index": 11,
    "edx": "E003",
    "question": "Cave of the Mind -- For your amusement..."
  }
},
{
  "model": "adventure.hintanswer",
  "pk": 95,
  "fields": {
    "adventure": 3,
    "hint": 40,
    "index": 1,
    "answer": "Once you have found and opened the lead box, you may SAY TRILDER at any time to be teleported to a random location. This is useful if you are being hurt faster than you can heal, as nobody (friend or foe) will follow you.",
    "spoiler": false
  }
},
{
  "model": "adventure.hintanswer",
  "pk": 96,
  "fields": {
    "adventure": 3,
    "hint": 41,
    "index": 1,
    "answer": "Look around for a proper tool...",
    "spoiler": false
  }
},
{
  "model": "adventure.hintanswer",
  "pk": 97,
  "fields": {
    "adventure": 3,
    "hint": 41,
    "index": 2,
    "answer": "Preferably a MINER'S PICK. Now simply USE it.",
    "spoiler": false
  }
},
{
  "model": "adventure.hintanswer",
  "pk": 98,
  "fields": {
    "adventure": 3,
    "hint": 42,
    "index": 1,
    "answer": "They have just been scattered about the cave. Go search for them.",
    "spoiler": false
  }
},
{
  "model": "adventure.hintanswer",
  "pk": 99,
  "fields": {
    "adventure": 3,
    "hint": 43,
    "index": 1,
    "answer": "You need the proper key. Once you have a key, USE it.",
    "spoiler": false
  }
},
{
  "model": "adventure.hintanswer",
  "pk": 100,
  "fields": {
    "adventure": 3,
    "hint": 44,
    "index": 1,
    "answer": "USE it of course. Preferably on the Cylon because he will become your friend and you need his help to escape the cave.",
    "spoiler": false
  }
},
{
  "model": "adventure.hintanswer",
  "pk": 101,
  "fields": {
    "adventure": 3,
    "hint": 45,
    "index": 1,
    "answer": "Yes. Did you examine the skeleton?",
    "spoiler": false
  }
},
{
  "model": "adventure.hintanswer",
  "pk": 102,
  "fields": {
    "adventure": 3,
    "hint": 45,
    "index": 2,
    "answer": "USE the harmonica.",
    "spoiler": false
  }
},
{
  "model": "adventure.hintanswer",
  "pk": 103,
  "fields": {
    "adventure": 3,
    "hint": 46,
    "index": 1,
    "answer": "Let somebody else \"take the heat\".",
    "spoiler": false
  }
},
{
  "model": "adventure.hintanswer",
  "pk": 104,
  "fields": {
    "adventure": 3,
    "hint": 46,
    "index": 2,
    "answer": "USE the helmet on the Cylon and he will take the blast for you.",
    "spoiler": false
  }
},
{
  "model": "adventure.hintanswer",
  "pk": 105,
  "fields": {
    "adventure": 3,
    "hint": 47,
    "index": 1,
    "answer": "Did you pay attention to the room description?",
    "spoiler": false
  }
},
{
  "model": "adventure.hintanswer",
  "pk": 106,
  "fields": {
    "adventure": 3,
    "hint": 47,
    "index": 2,
    "answer": "ATTACK his life support equipment.",
    "spoiler": false
  }
},
{
  "model": "adventure.hintanswer",
  "pk": 107,
  "fields": {
    "adventure": 3,
    "hint": 48,
    "index": 1,
    "answer": "You'll need the silver key...",
    "spoiler": false
  }
},
{
  "model": "adventure.hintanswer",
  "pk": 108,
  "fields": {
    "adventure": 3,
    "hint": 48,
    "index": 2,
    "answer": "Once you defeat The Mind, break open the western panel, go west, get the key, USE the key in the elevator, go up, get the potion and drink it.",
    "spoiler": false
  }
},
{
  "model": "adventure.hintanswer",
  "pk": 109,
  "fields": {
    "adventure": 3,
    "hint": 49,
    "index": 1,
    "answer": "For your amusement, have you tried to...",
    "spoiler": false
  }
},
{
  "model": "adventure.hintanswer",
  "pk": 110,
  "fields": {
    "adventure": 3,
    "hint": 49,
    "index": 2,
    "answer": "...GET the TV while the old wizard is watching it?",
    "spoiler": false
  }
},
{
  "model": "adventure.hintanswer",
  "pk": 111,
  "fields": {
    "adventure": 3,
    "hint": 49,
    "index": 3,
    "answer": "...USE the helmet on the Cylon several times? (He'll do four different things.) Or USE the helmet on The Mind?",
    "spoiler": false
  }
}
]
