[
{
  "model": "adventure.adventure",
  "pk": 275,
  "fields": {
    "name": "Assault on the Clone Master",
    "description": "While you are traveling in the far-away land of Knieriem, a war breaks out with the feared clone army of the infamous Clone Master. Go with some rebel commandos to attack the Clone Master's headquarters and destroy his cloning machines to earn your way home. Inspired by the Classic Eamon adventure by Donald Brown.",
    "full_description": "",
    "intro_text": "You were traveling in the far-away land of Knieriem, a land with technology far beyond your own. You marveled at the towering cities and majestic arches and goggled at the wondrous metal vehicles and flying machines powered by the most exquisite clockwork.\r\n\r\nBut, all was not well in Knieriem. A day before you were to leave for home on a massive, steam-powered ship, word came that the harbor was being blockaded by the dreaded fire fleets of the infamous Clone Master!\r\n\r\nThe Clone Master was known all over Knieriem and the surrounding kingdoms, feared for his vast armies made up of human clones!\r\n\r\nYou managed to get in touch with a group of rebels, who were recruiting seasoned adventurers for a dangerous mission. They promise you safe passage home if you join their commando raid directly into the heart of the Clone Master's headquarters and secret research facility, in the mountains on the border of Knieriem.\r\n\r\nYou travel for two days in a big, hulking steam locomotive. Then for another day you soar high above the mountains in a monstrous flying machine. You arrive at a camp where a rebel army has gathered, overlooking the Clone Master's headquarters in the valley below.\r\n\r\nYou are summoned to the command tent, where you meet the commando leader, Nasreen of Northampton. She tells you, \"Our mission is to kill the Clone Master and destroy the cloning machinery. Another of our commanders, Natty of Nickelton, is already inside the fortress. We believe the Clone Master has taken him prisoner. We should rescue him if we can. Are you ready, soldier?\"",
    "intro_question": "",
    "slug": "clone-master",
    "edx": "n/a",
    "edx_version": 0.0,
    "edx_room_offset": 0,
    "edx_artifact_offset": 0,
    "edx_effect_offset": 0,
    "edx_monster_offset": 0,
    "edx_program_file": "n/a",
    "directions": 6,
    "dead_body_id": 0,
    "active": true,
    "first_hint": null,
    "last_hint": null,
    "date_published": "2017-08-14",
    "featured_month": "2017-09",
    "authors": [
      16
    ]
  }
},
{
  "model": "taggit.tag",
  "pk": 2,
  "fields": {
    "name": "quest",
    "slug": "quest"
  }
},
{
  "model": "taggit.tag",
  "pk": 7,
  "fields": {
    "name": "steampunk",
    "slug": "steampunk"
  }
},
{
  "model": "taggit.taggeditem",
  "pk": 13,
  "fields": {
    "tag": 2,
    "content_type": [
      "adventure",
      "adventure"
    ],
    "object_id": 275
  }
},
{
  "model": "taggit.taggeditem",
  "pk": 14,
  "fields": {
    "tag": 7,
    "content_type": [
      "adventure",
      "adventure"
    ],
    "object_id": 275
  }
},
{
  "model": "adventure.author",
  "pk": 16,
  "fields": {
    "name": "Keith Dechant"
  }
},
{
  "model": "adventure.room",
  "pk": 6976,
  "fields": {
    "adventure": 275,
    "room_id": 1,
    "name": "In the command tent",
    "is_markdown": false,
    "description": "You are in the command tent of the rebel army. Rebel commanders are gathered around a large table showing a map of the area. Through a door to the south is the main army camp.\r\n\r\nThe map shows the mountains, the bay to the south, and the parade grounds outside the main gate of the Clone Master's fortress. The fortress itself appears as a series of large blocks showing the position of the buildings. The rebels do not seem to have much intelligence on what is inside.",
    "effect": null,
    "effect_inline": null,
    "is_dark": false,
    "dark_name": null,
    "dark_description": null,
    "data": null
  }
},
{
  "model": "adventure.room",
  "pk": 6977,
  "fields": {
    "adventure": 275,
    "room_id": 2,
    "name": "At the rebel camp",
    "is_markdown": false,
    "description": "You are in the rebel army camp in the mountains. Hundreds of rebel troops are here, donning their bizarre metal and leather armor and preparing for war. Two shiny, bulbous metal airships are tethered to the ground, seeming to hang in the air without wings. Soldiers are busy loading round, metal bombs into them.",
    "effect": null,
    "effect_inline": null,
    "is_dark": false,
    "dark_name": null,
    "dark_description": null,
    "data": null
  }
},
{
  "model": "adventure.room",
  "pk": 6978,
  "fields": {
    "adventure": 275,
    "room_id": 3,
    "name": "On the road",
    "is_markdown": false,
    "description": "You are on the road leading down out of the mountains. To the south, in the valley by the bay, you see the black walls and towers of the Clone Master's headquarters. A tall spire rises from the largest building, holding an immense sphere of turquoise glass. Your companions tell you that the spire is used for collecting lightning to power the cloning equipment, or so they think. The road leads south toward the fortress and north back to the rebel camp.",
    "effect": null,
    "effect_inline": null,
    "is_dark": false,
    "dark_name": null,
    "dark_description": null,
    "data": null
  }
},
{
  "model": "adventure.room",
  "pk": 6979,
  "fields": {
    "adventure": 275,
    "room_id": 4,
    "name": "The parade grounds",
    "is_markdown": false,
    "description": "You are on the Clone Master's parade grounds. It is a large, open field just north of the main gates. To the north is a road leading up to the rebel camp in the mountains. To the east is the bay, where several of the Clone Master's brass fire ships are docked. East and west are roads leading around the side of the fortress.",
    "effect": null,
    "effect_inline": null,
    "is_dark": false,
    "dark_name": null,
    "dark_description": null,
    "data": null
  }
},
{
  "model": "adventure.room",
  "pk": 6980,
  "fields": {
    "adventure": 275,
    "room_id": 5,
    "name": "At the northwest corner",
    "is_markdown": false,
    "description": "You are outside the fortress, at the northwest corner, between the mountain range and the fortress wall. A road follows the walls, leading south and east.",
    "effect": null,
    "effect_inline": null,
    "is_dark": false,
    "dark_name": null,
    "dark_description": null,
    "data": null
  }
},
{
  "model": "adventure.room",
  "pk": 6981,
  "fields": {
    "adventure": 275,
    "room_id": 6,
    "name": "Outside the west wall",
    "is_markdown": false,
    "description": "You are outside the west wall of the fortress. To the west is the mountains, too steep to climb. To the east and south are high fortress walls. A road leads north toward the main entrance.",
    "effect": null,
    "effect_inline": null,
    "is_dark": false,
    "dark_name": null,
    "dark_description": "",
    "data": null
  }
},
{
  "model": "adventure.room",
  "pk": 6982,
  "fields": {
    "adventure": 275,
    "room_id": 7,
    "name": "At the northeast corner",
    "is_markdown": false,
    "description": "You are at the northeast corner of the fortress, near the bay. A road follows the fortress wall to the west and south.",
    "effect": null,
    "effect_inline": null,
    "is_dark": false,
    "dark_name": null,
    "dark_description": null,
    "data": null
  }
},
{
  "model": "adventure.room",
  "pk": 6983,
  "fields": {
    "adventure": 275,
    "room_id": 8,
    "name": "Outside the east wall",
    "is_markdown": false,
    "description": "You are outside the east wall of the fortress. The bay is to the east and south (too deep to swim). The fortress wall is to the west and a road leads north.",
    "effect": null,
    "effect_inline": null,
    "is_dark": false,
    "dark_name": null,
    "dark_description": "",
    "data": null
  }
},
{
  "model": "adventure.room",
  "pk": 6984,
  "fields": {
    "adventure": 275,
    "room_id": 9,
    "name": "The main gate",
    "is_markdown": false,
    "description": "You are inside the main gate of the Clone Master's fortress. To the north, through the gate, is the parade grounds and the road to the mountains. To the south is a large courtyard. East is a stone building which appears to be a guard station. West is another stone building, with weapons hanging in the windows.",
    "effect": null,
    "effect_inline": null,
    "is_dark": false,
    "dark_name": null,
    "dark_description": null,
    "data": null
  }
},
{
  "model": "adventure.room",
  "pk": 6985,
  "fields": {
    "adventure": 275,
    "room_id": 10,
    "name": "The central courtyard",
    "is_markdown": false,
    "description": "You are in a large courtyard. The courtyard continues east, west, and south. The road to the main entrance is north.",
    "effect": null,
    "effect_inline": null,
    "is_dark": false,
    "dark_name": null,
    "dark_description": null,
    "data": null
  }
},
{
  "model": "adventure.room",
  "pk": 6986,
  "fields": {
    "adventure": 275,
    "room_id": 11,
    "name": "The west end of the courtyard",
    "is_markdown": false,
    "description": "You are at the west end of the large courtyard near the main entrance of the fortress. The courtyard continues to the east. To the south is a large building that looks like a barracks.",
    "effect": null,
    "effect_inline": null,
    "is_dark": false,
    "dark_name": null,
    "dark_description": "",
    "data": null
  }
},
{
  "model": "adventure.room",
  "pk": 6987,
  "fields": {
    "adventure": 275,
    "room_id": 12,
    "name": "The armory",
    "is_markdown": false,
    "description": "You are in the armory. Most of the weapons have been taken by the soldiers. A door leads east, back to the courtyard.",
    "effect": null,
    "effect_inline": null,
    "is_dark": false,
    "dark_name": null,
    "dark_description": null,
    "data": null
  }
},
{
  "model": "adventure.room",
  "pk": 6988,
  "fields": {
    "adventure": 275,
    "room_id": 13,
    "name": "The barracks",
    "is_markdown": false,
    "description": "You are in a large building that serves as a barracks for the clone army. The building is empty of soldiers because everyone is outside, fighting. You don't even see any wounded soldiers. There are bunk rooms to the west and south, and a door leads north to the courtyard. A sign on the wall says \"Soldiers who die in duty will return.\"",
    "effect": null,
    "effect_inline": null,
    "is_dark": false,
    "dark_name": null,
    "dark_description": null,
    "data": null
  }
},
{
  "model": "adventure.room",
  "pk": 6989,
  "fields": {
    "adventure": 275,
    "room_id": 14,
    "name": "The west bunk room",
    "is_markdown": false,
    "description": "You are in a bunk room in the barracks. There are dozens of bunks here, all looking identical. The only exit is east.",
    "effect": null,
    "effect_inline": null,
    "is_dark": false,
    "dark_name": null,
    "dark_description": null,
    "data": null
  }
},
{
  "model": "adventure.room",
  "pk": 6990,
  "fields": {
    "adventure": 275,
    "room_id": 15,
    "name": "The south bunk room",
    "is_markdown": false,
    "description": "You are in a bunk room in the barracks. There are dozens of bunks here, all looking identical. The only exit is north.",
    "effect": null,
    "effect_inline": null,
    "is_dark": false,
    "dark_name": null,
    "dark_description": null,
    "data": null
  }
},
{
  "model": "adventure.room",
  "pk": 6991,
  "fields": {
    "adventure": 275,
    "room_id": 16,
    "name": "The east courtyard",
    "is_markdown": false,
    "description": "You are at the east end of the large courtyard inside the main gate of the fortress. The courtyard continues west. To the south is a drab, stone building that looks like a servants' quarters.\r\n\r\nYou see servants carrying the bodies of dead clone soldiers through the courtyard into the building. Your companions tell you that they think the clone master can re-animate the soldiers with his cloning machines.",
    "effect": null,
    "effect_inline": null,
    "is_dark": false,
    "dark_name": null,
    "dark_description": null,
    "data": null
  }
},
{
  "model": "adventure.room",
  "pk": 6992,
  "fields": {
    "adventure": 275,
    "room_id": 17,
    "name": "The guard station",
    "is_markdown": false,
    "description": "You are in a guard station just inside the fortress wall. A stairway goes up to the fortress wall above, and a door leads west into the courtyard. Most of the guards are busy manning the fortress walls. There are racks on the walls for weapons and armor, but they are mostly empty. An odd-looking helmet near the west door catches your eye. A desk sits along one wall, with some papers on top.",
    "effect": null,
    "effect_inline": null,
    "is_dark": false,
    "dark_name": null,
    "dark_description": null,
    "data": null
  }
},
{
  "model": "adventure.room",
  "pk": 6993,
  "fields": {
    "adventure": 275,
    "room_id": 18,
    "name": "On the wall",
    "is_markdown": false,
    "description": "You are atop the outer wall of the fortress, looking north toward the battlefield. To the west, you can see the main gate, but there is no walkway going in that direction. A large gun emplacement is right in front of you. To the southwest, there used to be ramparts until the rebel airship crashed into them and reduced them to rubble. The only exit is down the stairs into the guard house.",
    "effect": null,
    "effect_inline": null,
    "is_dark": false,
    "dark_name": null,
    "dark_description": null,
    "data": null
  }
},
{
  "model": "adventure.room",
  "pk": 6994,
  "fields": {
    "adventure": 275,
    "room_id": 19,
    "name": "Servant's quarters",
    "is_markdown": false,
    "description": "You are in a small, plain building with several bunks and a few tables and chairs. The simple furnishings indicate that this room is used by the Clone Master's servants. There is a door in the south wall, which is sealed tightly. A door to the north leads out to the courtyard.",
    "effect": null,
    "effect_inline": null,
    "is_dark": false,
    "dark_name": null,
    "dark_description": null,
    "data": null
  }
},
{
  "model": "adventure.room",
  "pk": 6995,
  "fields": {
    "adventure": 275,
    "room_id": 20,
    "name": "South courtyard",
    "is_markdown": false,
    "description": "You are at the south end of the outer courtyard. To the south is a high stone wall surrounding the inner compound. Over the main gate is a large sign that reads \"Good soldiers are reborn.\" The courtyard extends to the north. To the east and west are high walls of buildings.",
    "effect": null,
    "effect_inline": null,
    "is_dark": false,
    "dark_name": null,
    "dark_description": null,
    "data": null
  }
},
{
  "model": "adventure.room",
  "pk": 6996,
  "fields": {
    "adventure": 275,
    "room_id": 21,
    "name": "Inner courtyard",
    "is_markdown": false,
    "description": "You are inside the inner courtyard of the fortress. To the south is the high brick wall of a large building, with no windows. A road goes east toward a palatial building, and west toward the tall building with the black spire on top. To the north is the large gate leading to the outer courtyard.",
    "effect": null,
    "effect_inline": null,
    "is_dark": false,
    "dark_name": null,
    "dark_description": null,
    "data": null
  }
},
{
  "model": "adventure.room",
  "pk": 6997,
  "fields": {
    "adventure": 275,
    "room_id": 22,
    "name": "Outside the weapons lab",
    "is_markdown": false,
    "description": "You are on the road in the inner fortress. To the west, the road leads to the inner courtyard. To the east, a palatial building of elaborate stone and metal rises into the sky. To the south is a more industrial looking building with tall, skinny windows. Through the windows, you can see unusual devices which may be weapons.",
    "effect": null,
    "effect_inline": null,
    "is_dark": false,
    "dark_name": null,
    "dark_description": null,
    "data": null
  }
},
{
  "model": "adventure.room",
  "pk": 6998,
  "fields": {
    "adventure": 275,
    "room_id": 23,
    "name": "Weapons lab",
    "is_markdown": false,
    "description": "You are in a large stone building filled with various mechanical oddities. It appears to be the Clone Army's weapons research laboratory. There are parts of cannons and crossbows and several broken swords lying about. A large table in the center of the room holds metal gears and tanks, glass vessels, and some vials of brightly colored, bubbling liquids. A door to the north is the only exit.",
    "effect": null,
    "effect_inline": null,
    "is_dark": false,
    "dark_name": null,
    "dark_description": null,
    "data": null
  }
},
{
  "model": "adventure.room",
  "pk": 6999,
  "fields": {
    "adventure": 275,
    "room_id": 24,
    "name": "Officers' lounge",
    "is_markdown": false,
    "description": "You are on the ground floor of a large, palatial building with elaborate stonework. This room is the officers' lounge, with several nicely appointed tables and chairs, writing desks under the windows, and couches along the wall. A wide stairway leads up to a balcony, and there is a large room to the south. A door to the east leads to the kitchens.",
    "effect": null,
    "effect_inline": null,
    "is_dark": false,
    "dark_name": null,
    "dark_description": null,
    "data": null
  }
},
{
  "model": "adventure.room",
  "pk": 7000,
  "fields": {
    "adventure": 275,
    "room_id": 25,
    "name": "Officer's quarters",
    "is_markdown": false,
    "description": "You are in the officers' quarters. There are small rooms to each side with bunks. You don't spot anything useful in there. The only exit is north.",
    "effect": null,
    "effect_inline": null,
    "is_dark": false,
    "dark_name": null,
    "dark_description": null,
    "data": null
  }
},
{
  "model": "adventure.room",
  "pk": 7001,
  "fields": {
    "adventure": 275,
    "room_id": 26,
    "name": "Kitchens",
    "is_markdown": false,
    "description": "You are in a large, hot, and grimy kitchen. The air is thick with the smoke of roasting meat, and pots of stew bubble on the hearth. Servants hurry away as you approach. A door leads west and another door in the south wall appears to be sealed off.",
    "effect": null,
    "effect_inline": null,
    "is_dark": false,
    "dark_name": null,
    "dark_description": null,
    "data": null
  }
},
{
  "model": "adventure.room",
  "pk": 7002,
  "fields": {
    "adventure": 275,
    "room_id": 27,
    "name": "Outside the cloning lab",
    "is_markdown": false,
    "description": "You are on the road inside the inner wall of the fortress. To the east is the inner courtyard. To the west, the road continues toward the tall spire of the power station. To the south is a large building.",
    "effect": null,
    "effect_inline": null,
    "is_dark": false,
    "dark_name": null,
    "dark_description": null,
    "data": null
  }
},
{
  "model": "adventure.room",
  "pk": 7003,
  "fields": {
    "adventure": 275,
    "room_id": 28,
    "name": "The entrance to the cloning lab",
    "is_markdown": false,
    "description": "You are at the entrance to a large building to the south. Above the double doors is a sign reading \"Top Secret - Keep out.\" A road goes to the north.",
    "effect": null,
    "effect_inline": null,
    "is_dark": false,
    "dark_name": null,
    "dark_description": null,
    "data": null
  }
},
{
  "model": "adventure.room",
  "pk": 7004,
  "fields": {
    "adventure": 275,
    "room_id": 29,
    "name": "Cloning lab",
    "is_markdown": false,
    "description": "You are inside a large building with no windows. Metal pipes and machinery line the walls, and there are several work tables with technical documents and experimental equipment. Tanks of green and orange fluid line the walls, with various life forms growing within. There are big double doors to the north and south, and a small door in the east wall.",
    "effect": null,
    "effect_inline": null,
    "is_dark": false,
    "dark_name": null,
    "dark_description": null,
    "data": null
  }
},
{
  "model": "adventure.room",
  "pk": 7005,
  "fields": {
    "adventure": 275,
    "room_id": 30,
    "name": "Clone room",
    "is_markdown": false,
    "description": "You are in a large room with double doors to the north. Tubes with bubbling green liquids are being piped in through the walls. Strange humming noises fill the room.  You recognize this room from the rebels' description: The clone room!",
    "effect": null,
    "effect_inline": null,
    "is_dark": false,
    "dark_name": null,
    "dark_description": null,
    "data": null
  }
},
{
  "model": "adventure.room",
  "pk": 7006,
  "fields": {
    "adventure": 275,
    "room_id": 31,
    "name": "Outside the power station",
    "is_markdown": false,
    "description": "You are on the road inside the inner walls. To the south is the power station, a towering black building topped with a spire holding a large glass sphere. To the west is a single-story building with bars on the windows. The road goes east toward the inner courtyard.",
    "effect": null,
    "effect_inline": null,
    "is_dark": false,
    "dark_name": null,
    "dark_description": null,
    "data": null
  }
},
{
  "model": "adventure.room",
  "pk": 7007,
  "fields": {
    "adventure": 275,
    "room_id": 32,
    "name": "Power station",
    "is_markdown": false,
    "description": "You are inside the power station. The ceiling rises out of sight into the darkness, except for a brilliant blue glow at the top where the lightning collector sphere rests. Cables, gears, and pipes line the walls. In the center of the room is a large machine with a console on it. To the north is the main road, and there is a door in the south wall.",
    "effect": null,
    "effect_inline": null,
    "is_dark": false,
    "dark_name": null,
    "dark_description": null,
    "data": null
  }
},
{
  "model": "adventure.room",
  "pk": 7008,
  "fields": {
    "adventure": 275,
    "room_id": 33,
    "name": "Prison",
    "is_markdown": false,
    "description": "You are inside the Clone Master's prison. It is a stark room with a few chairs and desks for the guards. Cell doors, bolted from the outside, lead north, west, and south. A larger door leads east to the outside.",
    "effect": null,
    "effect_inline": null,
    "is_dark": false,
    "dark_name": null,
    "dark_description": null,
    "data": null
  }
},
{
  "model": "adventure.room",
  "pk": 7009,
  "fields": {
    "adventure": 275,
    "room_id": 34,
    "name": "South cell",
    "is_markdown": false,
    "description": "You are in a bare cell with an iron door to the north.",
    "effect": null,
    "effect_inline": null,
    "is_dark": false,
    "dark_name": null,
    "dark_description": null,
    "data": null
  }
},
{
  "model": "adventure.room",
  "pk": 7010,
  "fields": {
    "adventure": 275,
    "room_id": 35,
    "name": "West cell",
    "is_markdown": false,
    "description": "You are in a stark cell with a door in the east wall.",
    "effect": null,
    "effect_inline": null,
    "is_dark": false,
    "dark_name": null,
    "dark_description": null,
    "data": null
  }
},
{
  "model": "adventure.room",
  "pk": 7011,
  "fields": {
    "adventure": 275,
    "room_id": 36,
    "name": "North cell",
    "is_markdown": false,
    "description": "You are in a stark cell with a door in the south wall.",
    "effect": null,
    "effect_inline": null,
    "is_dark": false,
    "dark_name": null,
    "dark_description": null,
    "data": null
  }
},
{
  "model": "adventure.room",
  "pk": 7012,
  "fields": {
    "adventure": 275,
    "room_id": 37,
    "name": "Upper Balcony",
    "is_markdown": false,
    "description": "You are on the upper balcony of the large stone building. An ornate railing surrounds it on the north and east, giving a clear view of the battlefield and bay in the distance. A door leads west and fancy wooden double doors with gold trim lead south. A stairway in the middle leads down.",
    "effect": null,
    "effect_inline": null,
    "is_dark": false,
    "dark_name": null,
    "dark_description": null,
    "data": null
  }
},
{
  "model": "adventure.room",
  "pk": 7013,
  "fields": {
    "adventure": 275,
    "room_id": 38,
    "name": "Command center",
    "is_markdown": false,
    "description": "You are in a large room with several desks and work stations. Dials and gauges show readings from the instruments in the cloning laboratory and power station. A table in the center holds maps of the area and figurines showing the positions of the armies, abandoned now that the battle is joined. Through the windows, you can see the battle raging in the outer courtyard. A doors leads east.",
    "effect": null,
    "effect_inline": null,
    "is_dark": false,
    "dark_name": null,
    "dark_description": null,
    "data": null
  }
},
{
  "model": "adventure.room",
  "pk": 7014,
  "fields": {
    "adventure": 275,
    "room_id": 40,
    "name": "Clone Master's quarters",
    "is_markdown": false,
    "description": "You are in a fabulous living quarters that can only belong to the Clone Master himself. A large painting covers the east wall. A set of double doors lead north to the balcony. Through a curtain you see another room to the south. In the west wall is a small door, which someone has carelessly left ajar.",
    "effect": null,
    "effect_inline": null,
    "is_dark": false,
    "dark_name": null,
    "dark_description": null,
    "data": null
  }
},
{
  "model": "adventure.room",
  "pk": 7015,
  "fields": {
    "adventure": 275,
    "room_id": 41,
    "name": "Clone Master's bedroom",
    "is_markdown": false,
    "description": "You are in a fabulous bedroom with a large, luxurious canopy bed. There are several expensive-looking paintings and statues on the walls. An archway in the north wall, lined with velvet drapes, is the only exit.",
    "effect": null,
    "effect_inline": null,
    "is_dark": false,
    "dark_name": null,
    "dark_description": null,
    "data": null
  }
},
{
  "model": "adventure.room",
  "pk": 7016,
  "fields": {
    "adventure": 275,
    "room_id": 42,
    "name": "The vault",
    "is_markdown": false,
    "description": "You are inside a dark vault with solid stone walls. The only exit is through a stout metal door to the west.",
    "effect": null,
    "effect_inline": null,
    "is_dark": false,
    "dark_name": null,
    "dark_description": null,
    "data": null
  }
},
{
  "model": "adventure.room",
  "pk": 7017,
  "fields": {
    "adventure": 275,
    "room_id": 43,
    "name": "A hallway at the top of the stairs",
    "is_markdown": false,
    "description": "You are in a narrow hallway used by the servants. To the east is a door. A stairway leads down.",
    "effect": null,
    "effect_inline": null,
    "is_dark": false,
    "dark_name": null,
    "dark_description": null,
    "data": null
  }
},
{
  "model": "adventure.room",
  "pk": 7018,
  "fields": {
    "adventure": 275,
    "room_id": 44,
    "name": "In an east-west tunnel",
    "is_markdown": false,
    "description": "You are at the east end of one of the narrow tunnels used by the servants. The tunnel leads west, a stairway leads up, and there is a door to the north.",
    "effect": null,
    "effect_inline": null,
    "is_dark": false,
    "dark_name": null,
    "dark_description": null,
    "data": null
  }
},
{
  "model": "adventure.room",
  "pk": 7019,
  "fields": {
    "adventure": 275,
    "room_id": 45,
    "name": "An intersection of tunnels",
    "is_markdown": false,
    "description": "You are at an intersection of two narrow tunnels. Tunnels lead north and east from here, and there is a stairway going up to the west.",
    "effect": null,
    "effect_inline": null,
    "is_dark": false,
    "dark_name": null,
    "dark_description": null,
    "data": null
  }
},
{
  "model": "adventure.room",
  "pk": 7020,
  "fields": {
    "adventure": 275,
    "room_id": 46,
    "name": "A landing at the top of the stairs",
    "is_markdown": false,
    "description": "You are in a narrow tunnel with a door at the west end and a stairway leading down. Several pipes and cables are attached to the walls and ceiling, disappearing through the wall above the door. You hear the hum of machinery nearby.",
    "effect": null,
    "effect_inline": null,
    "is_dark": false,
    "dark_name": null,
    "dark_description": null,
    "data": null
  }
},
{
  "model": "adventure.room",
  "pk": 7021,
  "fields": {
    "adventure": 275,
    "room_id": 47,
    "name": "In a north-south tunnel",
    "is_markdown": false,
    "description": "You are in a narrow tunnel running north and south. To the south you see an intersection. To the north the tunnel extends a long distance. If you have your directions right, it seems like it must pass underneath the inner wall of the fortress.",
    "effect": null,
    "effect_inline": null,
    "is_dark": false,
    "dark_name": null,
    "dark_description": null,
    "data": null
  }
},
{
  "model": "adventure.room",
  "pk": 7022,
  "fields": {
    "adventure": 275,
    "room_id": 39,
    "name": "electricity lab",
    "is_markdown": false,
    "description": "You are in a lab with dozens of electrical contraptions lying around. The air smells of ozone. The only exit is north.",
    "effect": null,
    "effect_inline": null,
    "is_dark": false,
    "dark_name": null,
    "dark_description": null,
    "data": null
  }
},
{
  "model": "adventure.roomexit",
  "pk": 81602,
  "fields": {
    "adventure": 275,
    "direction": "s",
    "room_from": 6976,
    "room_to": 2,
    "door_id": null,
    "effect_id": null
  }
},
{
  "model": "adventure.roomexit",
  "pk": 81603,
  "fields": {
    "adventure": 275,
    "direction": "n",
    "room_from": 6977,
    "room_to": 1,
    "door_id": null,
    "effect_id": null
  }
},
{
  "model": "adventure.roomexit",
  "pk": 81604,
  "fields": {
    "adventure": 275,
    "direction": "s",
    "room_from": 6977,
    "room_to": 3,
    "door_id": null,
    "effect_id": null
  }
},
{
  "model": "adventure.roomexit",
  "pk": 81605,
  "fields": {
    "adventure": 275,
    "direction": "n",
    "room_from": 6978,
    "room_to": 2,
    "door_id": null,
    "effect_id": null
  }
},
{
  "model": "adventure.roomexit",
  "pk": 81606,
  "fields": {
    "adventure": 275,
    "direction": "s",
    "room_from": 6978,
    "room_to": 4,
    "door_id": null,
    "effect_id": null
  }
},
{
  "model": "adventure.roomexit",
  "pk": 81607,
  "fields": {
    "adventure": 275,
    "direction": "n",
    "room_from": 6979,
    "room_to": 3,
    "door_id": null,
    "effect_id": null
  }
},
{
  "model": "adventure.roomexit",
  "pk": 81608,
  "fields": {
    "adventure": 275,
    "direction": "s",
    "room_from": 6979,
    "room_to": -9,
    "door_id": null,
    "effect_id": null
  }
},
{
  "model": "adventure.roomexit",
  "pk": 81609,
  "fields": {
    "adventure": 275,
    "direction": "e",
    "room_from": 6979,
    "room_to": 7,
    "door_id": null,
    "effect_id": null
  }
},
{
  "model": "adventure.roomexit",
  "pk": 81610,
  "fields": {
    "adventure": 275,
    "direction": "w",
    "room_from": 6979,
    "room_to": 5,
    "door_id": null,
    "effect_id": null
  }
},
{
  "model": "adventure.roomexit",
  "pk": 81611,
  "fields": {
    "adventure": 275,
    "direction": "e",
    "room_from": 6980,
    "room_to": 4,
    "door_id": null,
    "effect_id": null
  }
},
{
  "model": "adventure.roomexit",
  "pk": 81612,
  "fields": {
    "adventure": 275,
    "direction": "s",
    "room_from": 6980,
    "room_to": 6,
    "door_id": null,
    "effect_id": null
  }
},
{
  "model": "adventure.roomexit",
  "pk": 81613,
  "fields": {
    "adventure": 275,
    "direction": "n",
    "room_from": 6981,
    "room_to": 5,
    "door_id": null,
    "effect_id": null
  }
},
{
  "model": "adventure.roomexit",
  "pk": 81615,
  "fields": {
    "adventure": 275,
    "direction": "w",
    "room_from": 6982,
    "room_to": 4,
    "door_id": null,
    "effect_id": null
  }
},
{
  "model": "adventure.roomexit",
  "pk": 81616,
  "fields": {
    "adventure": 275,
    "direction": "s",
    "room_from": 6982,
    "room_to": 8,
    "door_id": null,
    "effect_id": null
  }
},
{
  "model": "adventure.roomexit",
  "pk": 81617,
  "fields": {
    "adventure": 275,
    "direction": "n",
    "room_from": 6983,
    "room_to": 7,
    "door_id": null,
    "effect_id": null
  }
},
{
  "model": "adventure.roomexit",
  "pk": 81619,
  "fields": {
    "adventure": 275,
    "direction": "n",
    "room_from": 6984,
    "room_to": -4,
    "door_id": null,
    "effect_id": null
  }
},
{
  "model": "adventure.roomexit",
  "pk": 81620,
  "fields": {
    "adventure": 275,
    "direction": "s",
    "room_from": 6984,
    "room_to": 10,
    "door_id": null,
    "effect_id": null
  }
},
{
  "model": "adventure.roomexit",
  "pk": 81621,
  "fields": {
    "adventure": 275,
    "direction": "w",
    "room_from": 6984,
    "room_to": 12,
    "door_id": null,
    "effect_id": null
  }
},
{
  "model": "adventure.roomexit",
  "pk": 81622,
  "fields": {
    "adventure": 275,
    "direction": "e",
    "room_from": 6984,
    "room_to": 17,
    "door_id": null,
    "effect_id": null
  }
},
{
  "model": "adventure.roomexit",
  "pk": 81623,
  "fields": {
    "adventure": 275,
    "direction": "n",
    "room_from": 6985,
    "room_to": 9,
    "door_id": null,
    "effect_id": null
  }
},
{
  "model": "adventure.roomexit",
  "pk": 81624,
  "fields": {
    "adventure": 275,
    "direction": "s",
    "room_from": 6985,
    "room_to": 20,
    "door_id": null,
    "effect_id": null
  }
},
{
  "model": "adventure.roomexit",
  "pk": 81625,
  "fields": {
    "adventure": 275,
    "direction": "w",
    "room_from": 6985,
    "room_to": 11,
    "door_id": null,
    "effect_id": null
  }
},
{
  "model": "adventure.roomexit",
  "pk": 81626,
  "fields": {
    "adventure": 275,
    "direction": "e",
    "room_from": 6985,
    "room_to": 16,
    "door_id": null,
    "effect_id": null
  }
},
{
  "model": "adventure.roomexit",
  "pk": 81628,
  "fields": {
    "adventure": 275,
    "direction": "e",
    "room_from": 6986,
    "room_to": 10,
    "door_id": null,
    "effect_id": null
  }
},
{
  "model": "adventure.roomexit",
  "pk": 81629,
  "fields": {
    "adventure": 275,
    "direction": "s",
    "room_from": 6986,
    "room_to": 13,
    "door_id": null,
    "effect_id": null
  }
},
{
  "model": "adventure.roomexit",
  "pk": 81630,
  "fields": {
    "adventure": 275,
    "direction": "e",
    "room_from": 6987,
    "room_to": 9,
    "door_id": null,
    "effect_id": null
  }
},
{
  "model": "adventure.roomexit",
  "pk": 81631,
  "fields": {
    "adventure": 275,
    "direction": "n",
    "room_from": 6988,
    "room_to": 11,
    "door_id": null,
    "effect_id": null
  }
},
{
  "model": "adventure.roomexit",
  "pk": 81632,
  "fields": {
    "adventure": 275,
    "direction": "w",
    "room_from": 6988,
    "room_to": 14,
    "door_id": null,
    "effect_id": null
  }
},
{
  "model": "adventure.roomexit",
  "pk": 81633,
  "fields": {
    "adventure": 275,
    "direction": "s",
    "room_from": 6988,
    "room_to": 15,
    "door_id": null,
    "effect_id": null
  }
},
{
  "model": "adventure.roomexit",
  "pk": 81634,
  "fields": {
    "adventure": 275,
    "direction": "e",
    "room_from": 6989,
    "room_to": 13,
    "door_id": null,
    "effect_id": null
  }
},
{
  "model": "adventure.roomexit",
  "pk": 81635,
  "fields": {
    "adventure": 275,
    "direction": "n",
    "room_from": 6990,
    "room_to": 13,
    "door_id": null,
    "effect_id": null
  }
},
{
  "model": "adventure.roomexit",
  "pk": 81636,
  "fields": {
    "adventure": 275,
    "direction": "w",
    "room_from": 6991,
    "room_to": 10,
    "door_id": null,
    "effect_id": null
  }
},
{
  "model": "adventure.roomexit",
  "pk": 81637,
  "fields": {
    "adventure": 275,
    "direction": "s",
    "room_from": 6991,
    "room_to": 19,
    "door_id": null,
    "effect_id": null
  }
},
{
  "model": "adventure.roomexit",
  "pk": 81638,
  "fields": {
    "adventure": 275,
    "direction": "w",
    "room_from": 6992,
    "room_to": 9,
    "door_id": null,
    "effect_id": null
  }
},
{
  "model": "adventure.roomexit",
  "pk": 81639,
  "fields": {
    "adventure": 275,
    "direction": "u",
    "room_from": 6992,
    "room_to": 18,
    "door_id": null,
    "effect_id": null
  }
},
{
  "model": "adventure.roomexit",
  "pk": 81640,
  "fields": {
    "adventure": 275,
    "direction": "d",
    "room_from": 6993,
    "room_to": 17,
    "door_id": null,
    "effect_id": null
  }
},
{
  "model": "adventure.roomexit",
  "pk": 81641,
  "fields": {
    "adventure": 275,
    "direction": "n",
    "room_from": 6994,
    "room_to": 16,
    "door_id": null,
    "effect_id": null
  }
},
{
  "model": "adventure.roomexit",
  "pk": 81642,
  "fields": {
    "adventure": 275,
    "direction": "s",
    "room_from": 6994,
    "room_to": 47,
    "door_id": 21,
    "effect_id": null
  }
},
{
  "model": "adventure.roomexit",
  "pk": 81643,
  "fields": {
    "adventure": 275,
    "direction": "n",
    "room_from": 6995,
    "room_to": 10,
    "door_id": null,
    "effect_id": null
  }
},
{
  "model": "adventure.roomexit",
  "pk": 81644,
  "fields": {
    "adventure": 275,
    "direction": "s",
    "room_from": 6995,
    "room_to": 21,
    "door_id": 22,
    "effect_id": null
  }
},
{
  "model": "adventure.roomexit",
  "pk": 81645,
  "fields": {
    "adventure": 275,
    "direction": "n",
    "room_from": 6996,
    "room_to": 20,
    "door_id": null,
    "effect_id": null
  }
},
{
  "model": "adventure.roomexit",
  "pk": 81646,
  "fields": {
    "adventure": 275,
    "direction": "w",
    "room_from": 6996,
    "room_to": 27,
    "door_id": null,
    "effect_id": null
  }
},
{
  "model": "adventure.roomexit",
  "pk": 81647,
  "fields": {
    "adventure": 275,
    "direction": "e",
    "room_from": 6996,
    "room_to": 22,
    "door_id": null,
    "effect_id": null
  }
},
{
  "model": "adventure.roomexit",
  "pk": 81648,
  "fields": {
    "adventure": 275,
    "direction": "w",
    "room_from": 6997,
    "room_to": 21,
    "door_id": null,
    "effect_id": null
  }
},
{
  "model": "adventure.roomexit",
  "pk": 81649,
  "fields": {
    "adventure": 275,
    "direction": "e",
    "room_from": 6997,
    "room_to": 24,
    "door_id": null,
    "effect_id": null
  }
},
{
  "model": "adventure.roomexit",
  "pk": 81650,
  "fields": {
    "adventure": 275,
    "direction": "s",
    "room_from": 6997,
    "room_to": 23,
    "door_id": 24,
    "effect_id": null
  }
},
{
  "model": "adventure.roomexit",
  "pk": 81651,
  "fields": {
    "adventure": 275,
    "direction": "n",
    "room_from": 6998,
    "room_to": 22,
    "door_id": null,
    "effect_id": null
  }
},
{
  "model": "adventure.roomexit",
  "pk": 81652,
  "fields": {
    "adventure": 275,
    "direction": "w",
    "room_from": 6999,
    "room_to": 22,
    "door_id": null,
    "effect_id": null
  }
},
{
  "model": "adventure.roomexit",
  "pk": 81653,
  "fields": {
    "adventure": 275,
    "direction": "s",
    "room_from": 6999,
    "room_to": 25,
    "door_id": null,
    "effect_id": null
  }
},
{
  "model": "adventure.roomexit",
  "pk": 81654,
  "fields": {
    "adventure": 275,
    "direction": "e",
    "room_from": 6999,
    "room_to": 26,
    "door_id": null,
    "effect_id": null
  }
},
{
  "model": "adventure.roomexit",
  "pk": 81655,
  "fields": {
    "adventure": 275,
    "direction": "n",
    "room_from": 7000,
    "room_to": 24,
    "door_id": null,
    "effect_id": null
  }
},
{
  "model": "adventure.roomexit",
  "pk": 81656,
  "fields": {
    "adventure": 275,
    "direction": "w",
    "room_from": 7001,
    "room_to": 24,
    "door_id": null,
    "effect_id": null
  }
},
{
  "model": "adventure.roomexit",
  "pk": 81657,
  "fields": {
    "adventure": 275,
    "direction": "s",
    "room_from": 7001,
    "room_to": 44,
    "door_id": 27,
    "effect_id": null
  }
},
{
  "model": "adventure.roomexit",
  "pk": 81658,
  "fields": {
    "adventure": 275,
    "direction": "w",
    "room_from": 7002,
    "room_to": 31,
    "door_id": null,
    "effect_id": null
  }
},
{
  "model": "adventure.roomexit",
  "pk": 81659,
  "fields": {
    "adventure": 275,
    "direction": "e",
    "room_from": 7002,
    "room_to": 21,
    "door_id": null,
    "effect_id": null
  }
},
{
  "model": "adventure.roomexit",
  "pk": 81660,
  "fields": {
    "adventure": 275,
    "direction": "s",
    "room_from": 7002,
    "room_to": 28,
    "door_id": null,
    "effect_id": null
  }
},
{
  "model": "adventure.roomexit",
  "pk": 81661,
  "fields": {
    "adventure": 275,
    "direction": "n",
    "room_from": 7003,
    "room_to": 27,
    "door_id": null,
    "effect_id": null
  }
},
{
  "model": "adventure.roomexit",
  "pk": 81662,
  "fields": {
    "adventure": 275,
    "direction": "s",
    "room_from": 7003,
    "room_to": 29,
    "door_id": null,
    "effect_id": null
  }
},
{
  "model": "adventure.roomexit",
  "pk": 81663,
  "fields": {
    "adventure": 275,
    "direction": "n",
    "room_from": 7004,
    "room_to": 28,
    "door_id": null,
    "effect_id": null
  }
},
{
  "model": "adventure.roomexit",
  "pk": 81664,
  "fields": {
    "adventure": 275,
    "direction": "s",
    "room_from": 7004,
    "room_to": 30,
    "door_id": null,
    "effect_id": null
  }
},
{
  "model": "adventure.roomexit",
  "pk": 81665,
  "fields": {
    "adventure": 275,
    "direction": "n",
    "room_from": 7005,
    "room_to": 29,
    "door_id": null,
    "effect_id": null
  }
},
{
  "model": "adventure.roomexit",
  "pk": 81667,
  "fields": {
    "adventure": 275,
    "direction": "w",
    "room_from": 7006,
    "room_to": 33,
    "door_id": null,
    "effect_id": null
  }
},
{
  "model": "adventure.roomexit",
  "pk": 81668,
  "fields": {
    "adventure": 275,
    "direction": "s",
    "room_from": 7006,
    "room_to": 32,
    "door_id": null,
    "effect_id": null
  }
},
{
  "model": "adventure.roomexit",
  "pk": 81669,
  "fields": {
    "adventure": 275,
    "direction": "e",
    "room_from": 7006,
    "room_to": 27,
    "door_id": null,
    "effect_id": null
  }
},
{
  "model": "adventure.roomexit",
  "pk": 81670,
  "fields": {
    "adventure": 275,
    "direction": "n",
    "room_from": 7007,
    "room_to": 31,
    "door_id": null,
    "effect_id": null
  }
},
{
  "model": "adventure.roomexit",
  "pk": 81671,
  "fields": {
    "adventure": 275,
    "direction": "n",
    "room_from": 7008,
    "room_to": 36,
    "door_id": null,
    "effect_id": null
  }
},
{
  "model": "adventure.roomexit",
  "pk": 81672,
  "fields": {
    "adventure": 275,
    "direction": "w",
    "room_from": 7008,
    "room_to": 35,
    "door_id": null,
    "effect_id": null
  }
},
{
  "model": "adventure.roomexit",
  "pk": 81673,
  "fields": {
    "adventure": 275,
    "direction": "s",
    "room_from": 7008,
    "room_to": 34,
    "door_id": null,
    "effect_id": null
  }
},
{
  "model": "adventure.roomexit",
  "pk": 81674,
  "fields": {
    "adventure": 275,
    "direction": "e",
    "room_from": 7008,
    "room_to": 31,
    "door_id": null,
    "effect_id": null
  }
},
{
  "model": "adventure.roomexit",
  "pk": 81675,
  "fields": {
    "adventure": 275,
    "direction": "n",
    "room_from": 7009,
    "room_to": 33,
    "door_id": null,
    "effect_id": null
  }
},
{
  "model": "adventure.roomexit",
  "pk": 81676,
  "fields": {
    "adventure": 275,
    "direction": "e",
    "room_from": 7010,
    "room_to": 33,
    "door_id": null,
    "effect_id": null
  }
},
{
  "model": "adventure.roomexit",
  "pk": 81677,
  "fields": {
    "adventure": 275,
    "direction": "s",
    "room_from": 7011,
    "room_to": 33,
    "door_id": null,
    "effect_id": null
  }
},
{
  "model": "adventure.roomexit",
  "pk": 81678,
  "fields": {
    "adventure": 275,
    "direction": "w",
    "room_from": 7012,
    "room_to": 38,
    "door_id": null,
    "effect_id": null
  }
},
{
  "model": "adventure.roomexit",
  "pk": 81679,
  "fields": {
    "adventure": 275,
    "direction": "s",
    "room_from": 7012,
    "room_to": 40,
    "door_id": null,
    "effect_id": null
  }
},
{
  "model": "adventure.roomexit",
  "pk": 81680,
  "fields": {
    "adventure": 275,
    "direction": "d",
    "room_from": 7012,
    "room_to": 24,
    "door_id": null,
    "effect_id": null
  }
},
{
  "model": "adventure.roomexit",
  "pk": 81682,
  "fields": {
    "adventure": 275,
    "direction": "e",
    "room_from": 7013,
    "room_to": 37,
    "door_id": null,
    "effect_id": null
  }
},
{
  "model": "adventure.roomexit",
  "pk": 81683,
  "fields": {
    "adventure": 275,
    "direction": "n",
    "room_from": 7014,
    "room_to": 37,
    "door_id": null,
    "effect_id": null
  }
},
{
  "model": "adventure.roomexit",
  "pk": 81684,
  "fields": {
    "adventure": 275,
    "direction": "s",
    "room_from": 7014,
    "room_to": 41,
    "door_id": null,
    "effect_id": null
  }
},
{
  "model": "adventure.roomexit",
  "pk": 81685,
  "fields": {
    "adventure": 275,
    "direction": "e",
    "room_from": 7014,
    "room_to": 42,
    "door_id": 37,
    "effect_id": null
  }
},
{
  "model": "adventure.roomexit",
  "pk": 81686,
  "fields": {
    "adventure": 275,
    "direction": "w",
    "room_from": 7014,
    "room_to": 43,
    "door_id": null,
    "effect_id": null
  }
},
{
  "model": "adventure.roomexit",
  "pk": 81687,
  "fields": {
    "adventure": 275,
    "direction": "n",
    "room_from": 7015,
    "room_to": 40,
    "door_id": null,
    "effect_id": null
  }
},
{
  "model": "adventure.roomexit",
  "pk": 81688,
  "fields": {
    "adventure": 275,
    "direction": "w",
    "room_from": 7016,
    "room_to": 40,
    "door_id": null,
    "effect_id": null
  }
},
{
  "model": "adventure.roomexit",
  "pk": 81689,
  "fields": {
    "adventure": 275,
    "direction": "e",
    "room_from": 7017,
    "room_to": 40,
    "door_id": null,
    "effect_id": null
  }
},
{
  "model": "adventure.roomexit",
  "pk": 81690,
  "fields": {
    "adventure": 275,
    "direction": "d",
    "room_from": 7017,
    "room_to": 44,
    "door_id": null,
    "effect_id": null
  }
},
{
  "model": "adventure.roomexit",
  "pk": 81691,
  "fields": {
    "adventure": 275,
    "direction": "n",
    "room_from": 7018,
    "room_to": 26,
    "door_id": null,
    "effect_id": null
  }
},
{
  "model": "adventure.roomexit",
  "pk": 81692,
  "fields": {
    "adventure": 275,
    "direction": "w",
    "room_from": 7018,
    "room_to": 45,
    "door_id": null,
    "effect_id": null
  }
},
{
  "model": "adventure.roomexit",
  "pk": 81693,
  "fields": {
    "adventure": 275,
    "direction": "u",
    "room_from": 7018,
    "room_to": 43,
    "door_id": null,
    "effect_id": null
  }
},
{
  "model": "adventure.roomexit",
  "pk": 81694,
  "fields": {
    "adventure": 275,
    "direction": "n",
    "room_from": 7019,
    "room_to": 47,
    "door_id": null,
    "effect_id": null
  }
},
{
  "model": "adventure.roomexit",
  "pk": 81695,
  "fields": {
    "adventure": 275,
    "direction": "e",
    "room_from": 7019,
    "room_to": 44,
    "door_id": null,
    "effect_id": null
  }
},
{
  "model": "adventure.roomexit",
  "pk": 81696,
  "fields": {
    "adventure": 275,
    "direction": "u",
    "room_from": 7019,
    "room_to": 46,
    "door_id": null,
    "effect_id": null
  }
},
{
  "model": "adventure.roomexit",
  "pk": 81697,
  "fields": {
    "adventure": 275,
    "direction": "w",
    "room_from": 7020,
    "room_to": 29,
    "door_id": null,
    "effect_id": null
  }
},
{
  "model": "adventure.roomexit",
  "pk": 81698,
  "fields": {
    "adventure": 275,
    "direction": "d",
    "room_from": 7020,
    "room_to": 45,
    "door_id": null,
    "effect_id": null
  }
},
{
  "model": "adventure.roomexit",
  "pk": 81699,
  "fields": {
    "adventure": 275,
    "direction": "n",
    "room_from": 7021,
    "room_to": 19,
    "door_id": null,
    "effect_id": null
  }
},
{
  "model": "adventure.roomexit",
  "pk": 81700,
  "fields": {
    "adventure": 275,
    "direction": "s",
    "room_from": 7021,
    "room_to": 45,
    "door_id": null,
    "effect_id": null
  }
},
{
  "model": "adventure.roomexit",
  "pk": 81701,
  "fields": {
    "adventure": 275,
    "direction": "s",
    "room_from": 7007,
    "room_to": 39,
    "door_id": null,
    "effect_id": null
  }
},
{
  "model": "adventure.roomexit",
  "pk": 81702,
  "fields": {
    "adventure": 275,
    "direction": "n",
    "room_from": 7022,
    "room_to": 32,
    "door_id": null,
    "effect_id": null
  }
},
{
  "model": "adventure.roomexit",
  "pk": 81703,
  "fields": {
    "adventure": 275,
    "direction": "e",
    "room_from": 7004,
    "room_to": 46,
    "door_id": null,
    "effect_id": null
  }
},
{
  "model": "adventure.roomexit",
  "pk": 81704,
  "fields": {
    "adventure": 275,
    "direction": "u",
    "room_from": 6999,
    "room_to": 37,
    "door_id": null,
    "effect_id": null
  }
},
{
  "model": "adventure.roomexit",
  "pk": 81705,
  "fields": {
    "adventure": 275,
    "direction": "w",
    "room_from": 7019,
    "room_to": 46,
    "door_id": null,
    "effect_id": null
  }
},
{
  "model": "adventure.artifact",
  "pk": 4883,
  "fields": {
    "adventure": 275,
    "artifact_id": 1,
    "article": null,
    "name": "Pistol",
    "synonyms": null,
    "is_markdown": false,
    "description": "You see Nasreen's sidearm, a long, shiny steel pistol with elaborate metalwork on the handle and trigger.",
    "effect": null,
    "effect_inline": null,
    "room_id": null,
    "monster_id": 1,
    "container_id": null,
    "guard_id": null,
    "weight": 5,
    "value": 100,
    "type": 2,
    "is_worn": false,
    "is_open": false,
    "key_id": null,
    "linked_door_id": null,
    "hardiness": null,
    "weapon_type": 2,
    "hands": 1,
    "weapon_odds": 10,
    "dice": 1,
    "sides": 8,
    "clothing_type": null,
    "armor_class": 0,
    "armor_type": null,
    "armor_penalty": 0,
    "get_all": true,
    "embedded": false,
    "hidden": false,
    "quantity": null,
    "effect_id": null,
    "num_effects": null,
    "data": null
  }
},
{
  "model": "adventure.artifact",
  "pk": 4884,
  "fields": {
    "adventure": 275,
    "artifact_id": 2,
    "article": null,
    "name": "crossbow",
    "synonyms": null,
    "is_markdown": false,
    "description": "You see Nevil's shiny clockwork crossbow. Its windup mechanism looks like it can load quickly and pack quite a wallop into a bolt.",
    "effect": null,
    "effect_inline": null,
    "room_id": null,
    "monster_id": 2,
    "container_id": null,
    "guard_id": null,
    "weight": 10,
    "value": 75,
    "type": 2,
    "is_worn": false,
    "is_open": false,
    "key_id": null,
    "linked_door_id": null,
    "hardiness": null,
    "weapon_type": 2,
    "hands": 2,
    "weapon_odds": 15,
    "dice": 2,
    "sides": 6,
    "clothing_type": null,
    "armor_class": 0,
    "armor_type": null,
    "armor_penalty": 0,
    "get_all": true,
    "embedded": false,
    "hidden": false,
    "quantity": null,
    "effect_id": null,
    "num_effects": null,
    "data": null
  }
},
{
  "model": "adventure.artifact",
  "pk": 4885,
  "fields": {
    "adventure": 275,
    "artifact_id": 3,
    "article": null,
    "name": "sword",
    "synonyms": null,
    "is_markdown": false,
    "description": "You see Norwood's sword. It is a standard-issue military sword with some nice engraving on the hilt.",
    "effect": null,
    "effect_inline": null,
    "room_id": null,
    "monster_id": 3,
    "container_id": null,
    "guard_id": null,
    "weight": 0,
    "value": 0,
    "type": 2,
    "is_worn": false,
    "is_open": false,
    "key_id": null,
    "linked_door_id": null,
    "hardiness": null,
    "weapon_type": 5,
    "hands": 1,
    "weapon_odds": 10,
    "dice": 1,
    "sides": 8,
    "clothing_type": null,
    "armor_class": 0,
    "armor_type": null,
    "armor_penalty": 0,
    "get_all": true,
    "embedded": false,
    "hidden": false,
    "quantity": null,
    "effect_id": null,
    "num_effects": null,
    "data": null
  }
},
{
  "model": "adventure.artifact",
  "pk": 4886,
  "fields": {
    "adventure": 275,
    "artifact_id": 4,
    "article": null,
    "name": "rebel airships",
    "synonyms": null,
    "is_markdown": false,
    "description": "Above you float the two rebel airships, massive contraptions of metal cloth, gears, and propellers. Their crews are preparing to drop bombs on the Clone Army.",
    "effect": null,
    "effect_inline": null,
    "room_id": 3,
    "monster_id": null,
    "container_id": null,
    "guard_id": null,
    "weight": 999,
    "value": 0,
    "type": 1,
    "is_worn": false,
    "is_open": false,
    "key_id": null,
    "linked_door_id": null,
    "hardiness": null,
    "weapon_type": null,
    "hands": 1,
    "weapon_odds": null,
    "dice": null,
    "sides": null,
    "clothing_type": null,
    "armor_class": 0,
    "armor_type": null,
    "armor_penalty": 0,
    "get_all": true,
    "embedded": false,
    "hidden": false,
    "quantity": null,
    "effect_id": null,
    "num_effects": null,
    "data": null
  }
},
{
  "model": "adventure.artifact",
  "pk": 4887,
  "fields": {
    "adventure": 275,
    "artifact_id": 5,
    "article": null,
    "name": "dynamite",
    "synonyms": null,
    "is_markdown": false,
    "description": "You see a few sticks of dynamite, tied together in a bundle. The rebel armorer hopes they will be powerful enough to destroy the cloning machines.",
    "effect": null,
    "effect_inline": null,
    "room_id": 2,
    "monster_id": null,
    "container_id": null,
    "guard_id": null,
    "weight": 3,
    "value": 0,
    "type": 1,
    "is_worn": false,
    "is_open": false,
    "key_id": null,
    "linked_door_id": null,
    "hardiness": null,
    "weapon_type": null,
    "hands": 1,
    "weapon_odds": null,
    "dice": null,
    "sides": null,
    "clothing_type": null,
    "armor_class": 0,
    "armor_type": null,
    "armor_penalty": 0,
    "get_all": true,
    "embedded": false,
    "hidden": false,
    "quantity": null,
    "effect_id": null,
    "num_effects": null,
    "data": null
  }
},
{
  "model": "adventure.artifact",
  "pk": 4888,
  "fields": {
    "adventure": 275,
    "artifact_id": 6,
    "article": null,
    "name": "crack",
    "synonyms": null,
    "is_markdown": false,
    "description": "The last airstrike opened a crack in the wall. It's too small to climb through, but you could probably break it open with some explosives.",
    "effect": null,
    "effect_inline": null,
    "room_id": 6,
    "monster_id": null,
    "container_id": null,
    "guard_id": null,
    "weight": -999,
    "value": 0,
    "type": 1,
    "is_worn": false,
    "is_open": false,
    "key_id": null,
    "linked_door_id": null,
    "hardiness": null,
    "weapon_type": null,
    "hands": 1,
    "weapon_odds": null,
    "dice": null,
    "sides": null,
    "clothing_type": null,
    "armor_class": 0,
    "armor_type": null,
    "armor_penalty": 0,
    "get_all": true,
    "embedded": false,
    "hidden": false,
    "quantity": null,
    "effect_id": null,
    "num_effects": null,
    "data": null
  }
},
{
  "model": "adventure.artifact",
  "pk": 4889,
  "fields": {
    "adventure": 275,
    "artifact_id": 7,
    "article": null,
    "name": "crashed airship",
    "synonyms": null,
    "is_markdown": false,
    "description": "The damaged airship crashed against the wall of the fortress. Broken machinery is everywhere, and soldiers are scrambling to salvage what they can.",
    "effect": null,
    "effect_inline": null,
    "room_id": 8,
    "monster_id": null,
    "container_id": null,
    "guard_id": null,
    "weight": 999,
    "value": 0,
    "type": 1,
    "is_worn": false,
    "is_open": false,
    "key_id": null,
    "linked_door_id": null,
    "hardiness": null,
    "weapon_type": null,
    "hands": 1,
    "weapon_odds": null,
    "dice": null,
    "sides": null,
    "clothing_type": null,
    "armor_class": 0,
    "armor_type": null,
    "armor_penalty": 0,
    "get_all": true,
    "embedded": false,
    "hidden": false,
    "quantity": null,
    "effect_id": null,
    "num_effects": null,
    "data": null
  }
},
{
  "model": "adventure.artifact",
  "pk": 4890,
  "fields": {
    "adventure": 275,
    "artifact_id": 8,
    "article": null,
    "name": "crack",
    "synonyms": null,
    "is_markdown": false,
    "description": "There is a crack in the wall of the fortress, made when the airship crashed into it. It's too small to climb through, but you could probably open it wider with enough explosives.",
    "effect": null,
    "effect_inline": null,
    "room_id": 8,
    "monster_id": null,
    "container_id": null,
    "guard_id": null,
    "weight": -999,
    "value": 0,
    "type": 1,
    "is_worn": false,
    "is_open": false,
    "key_id": null,
    "linked_door_id": null,
    "hardiness": null,
    "weapon_type": null,
    "hands": 1,
    "weapon_odds": null,
    "dice": null,
    "sides": null,
    "clothing_type": null,
    "armor_class": 0,
    "armor_type": null,
    "armor_penalty": 0,
    "get_all": true,
    "embedded": false,
    "hidden": false,
    "quantity": null,
    "effect_id": null,
    "num_effects": null,
    "data": null
  }
},
{
  "model": "adventure.artifact",
  "pk": 4891,
  "fields": {
    "adventure": 275,
    "artifact_id": 9,
    "article": null,
    "name": "hole in the wall",
    "synonyms": null,
    "is_markdown": false,
    "description": "You see a hole in the fortress wall to the east, big enough to climb through.",
    "effect": null,
    "effect_inline": null,
    "room_id": null,
    "monster_id": null,
    "container_id": null,
    "guard_id": null,
    "weight": -999,
    "value": 0,
    "type": 1,
    "is_worn": false,
    "is_open": true,
    "key_id": null,
    "linked_door_id": null,
    "hardiness": null,
    "weapon_type": null,
    "hands": 1,
    "weapon_odds": null,
    "dice": null,
    "sides": null,
    "clothing_type": null,
    "armor_class": 0,
    "armor_type": null,
    "armor_penalty": 0,
    "get_all": true,
    "embedded": false,
    "hidden": true,
    "quantity": null,
    "effect_id": null,
    "num_effects": null,
    "data": null
  }
},
{
  "model": "adventure.artifact",
  "pk": 4892,
  "fields": {
    "adventure": 275,
    "artifact_id": 10,
    "article": null,
    "name": "hole in the wall",
    "synonyms": null,
    "is_markdown": false,
    "description": "You see a hole in the wall to the west, big enough to climb through.",
    "effect": null,
    "effect_inline": null,
    "room_id": null,
    "monster_id": null,
    "container_id": null,
    "guard_id": null,
    "weight": -999,
    "value": 0,
    "type": 1,
    "is_worn": false,
    "is_open": true,
    "key_id": null,
    "linked_door_id": null,
    "hardiness": null,
    "weapon_type": null,
    "hands": 1,
    "weapon_odds": null,
    "dice": null,
    "sides": null,
    "clothing_type": null,
    "armor_class": 0,
    "armor_type": null,
    "armor_penalty": 0,
    "get_all": true,
    "embedded": false,
    "hidden": true,
    "quantity": null,
    "effect_id": null,
    "num_effects": null,
    "data": null
  }
},
{
  "model": "adventure.artifact",
  "pk": 4893,
  "fields": {
    "adventure": 275,
    "artifact_id": 11,
    "article": null,
    "name": "hole in the wall",
    "synonyms": null,
    "is_markdown": false,
    "description": "You see a hole in the fortress wall to the west, big enough to climb through.",
    "effect": null,
    "effect_inline": null,
    "room_id": null,
    "monster_id": null,
    "container_id": null,
    "guard_id": null,
    "weight": -999,
    "value": 0,
    "type": 1,
    "is_worn": false,
    "is_open": false,
    "key_id": null,
    "linked_door_id": null,
    "hardiness": null,
    "weapon_type": null,
    "hands": 1,
    "weapon_odds": null,
    "dice": null,
    "sides": null,
    "clothing_type": null,
    "armor_class": 0,
    "armor_type": null,
    "armor_penalty": 0,
    "get_all": true,
    "embedded": false,
    "hidden": true,
    "quantity": null,
    "effect_id": null,
    "num_effects": null,
    "data": null
  }
},
{
  "model": "adventure.artifact",
  "pk": 4894,
  "fields": {
    "adventure": 275,
    "artifact_id": 12,
    "article": null,
    "name": "hole in the wall",
    "synonyms": null,
    "is_markdown": false,
    "description": "You see a hole in the east wall, large enough to climb through.",
    "effect": null,
    "effect_inline": null,
    "room_id": null,
    "monster_id": null,
    "container_id": null,
    "guard_id": null,
    "weight": -999,
    "value": 0,
    "type": 1,
    "is_worn": false,
    "is_open": false,
    "key_id": null,
    "linked_door_id": null,
    "hardiness": null,
    "weapon_type": null,
    "hands": 1,
    "weapon_odds": null,
    "dice": null,
    "sides": null,
    "clothing_type": null,
    "armor_class": 0,
    "armor_type": null,
    "armor_penalty": 0,
    "get_all": true,
    "embedded": false,
    "hidden": true,
    "quantity": null,
    "effect_id": null,
    "num_effects": null,
    "data": null
  }
},
{
  "model": "adventure.artifact",
  "pk": 4895,
  "fields": {
    "adventure": 275,
    "artifact_id": 13,
    "article": null,
    "name": "halberd",
    "synonyms": null,
    "is_markdown": false,
    "description": "Leaning against the wall is a long halberd made of some kind of shiny black metal. The shaft has elaborate carvings and gilding on it, and it has a worked leather strap for carrying it over your shoulder.",
    "effect": null,
    "effect_inline": null,
    "room_id": 12,
    "monster_id": null,
    "container_id": null,
    "guard_id": null,
    "weight": 10,
    "value": 75,
    "type": 2,
    "is_worn": false,
    "is_open": false,
    "key_id": null,
    "linked_door_id": null,
    "hardiness": null,
    "weapon_type": 4,
    "hands": 2,
    "weapon_odds": 0,
    "dice": 1,
    "sides": 10,
    "clothing_type": null,
    "armor_class": 0,
    "armor_type": null,
    "armor_penalty": 0,
    "get_all": true,
    "embedded": false,
    "hidden": false,
    "quantity": null,
    "effect_id": null,
    "num_effects": null,
    "data": null
  }
},
{
  "model": "adventure.artifact",
  "pk": 4896,
  "fields": {
    "adventure": 275,
    "artifact_id": 14,
    "article": null,
    "name": "helmet",
    "synonyms": null,
    "is_markdown": false,
    "description": "You see an odd-looking helmet made of black metal similar to the rebels' armor. It has a ridge running the length of the top, from front to back, and a pair of built-in goggles.",
    "effect": null,
    "effect_inline": null,
    "room_id": 17,
    "monster_id": null,
    "container_id": null,
    "guard_id": null,
    "weight": 2,
    "value": 100,
    "type": 11,
    "is_worn": false,
    "is_open": false,
    "key_id": null,
    "linked_door_id": null,
    "hardiness": null,
    "weapon_type": null,
    "hands": 1,
    "weapon_odds": null,
    "dice": null,
    "sides": null,
    "clothing_type": null,
    "armor_class": 1,
    "armor_type": 2,
    "armor_penalty": 3,
    "get_all": true,
    "embedded": true,
    "hidden": false,
    "quantity": null,
    "effect_id": null,
    "num_effects": null,
    "data": null
  }
},
{
  "model": "adventure.artifact",
  "pk": 4897,
  "fields": {
    "adventure": 275,
    "artifact_id": 15,
    "article": null,
    "name": "desk",
    "synonyms": null,
    "is_markdown": false,
    "description": "You see the guard commander's desk. There are papers strewn about and the drawer was left ajar.",
    "effect": null,
    "effect_inline": null,
    "room_id": 17,
    "monster_id": null,
    "container_id": null,
    "guard_id": null,
    "weight": 999,
    "value": 0,
    "type": 4,
    "is_worn": false,
    "is_open": false,
    "key_id": null,
    "linked_door_id": null,
    "hardiness": null,
    "weapon_type": null,
    "hands": 1,
    "weapon_odds": null,
    "dice": null,
    "sides": null,
    "clothing_type": null,
    "armor_class": 0,
    "armor_type": null,
    "armor_penalty": 0,
    "get_all": true,
    "embedded": true,
    "hidden": false,
    "quantity": 20,
    "effect_id": null,
    "num_effects": null,
    "data": null
  }
},
{
  "model": "adventure.artifact",
  "pk": 4898,
  "fields": {
    "adventure": 275,
    "artifact_id": 16,
    "article": null,
    "name": "papers",
    "synonyms": null,
    "is_markdown": false,
    "description": "You see some papers sitting on the desk. They mostly look like personnel reports. You spot a memo reminding the troops of the necessity to oil the bearings on the fire cannon.",
    "effect": null,
    "effect_inline": null,
    "room_id": 17,
    "monster_id": null,
    "container_id": null,
    "guard_id": null,
    "weight": 1,
    "value": 0,
    "type": 7,
    "is_worn": false,
    "is_open": false,
    "key_id": null,
    "linked_door_id": null,
    "hardiness": null,
    "weapon_type": null,
    "hands": 1,
    "weapon_odds": null,
    "dice": null,
    "sides": null,
    "clothing_type": null,
    "armor_class": 0,
    "armor_type": null,
    "armor_penalty": 0,
    "get_all": true,
    "embedded": true,
    "hidden": false,
    "quantity": null,
    "effect_id": null,
    "num_effects": null,
    "data": null
  }
},
{
  "model": "adventure.artifact",
  "pk": 4899,
  "fields": {
    "adventure": 275,
    "artifact_id": 17,
    "article": null,
    "name": "pass key",
    "synonyms": null,
    "is_markdown": false,
    "description": "You see a metal card with holes punched in it. In your travels in Knieriem, you have seen this type of card used as a pass key in various mechanical locks.",
    "effect": null,
    "effect_inline": null,
    "room_id": null,
    "monster_id": null,
    "container_id": 15,
    "guard_id": null,
    "weight": 1,
    "value": 0,
    "type": 1,
    "is_worn": false,
    "is_open": false,
    "key_id": null,
    "linked_door_id": null,
    "hardiness": null,
    "weapon_type": null,
    "hands": 1,
    "weapon_odds": null,
    "dice": null,
    "sides": null,
    "clothing_type": null,
    "armor_class": 0,
    "armor_type": null,
    "armor_penalty": 0,
    "get_all": true,
    "embedded": false,
    "hidden": false,
    "quantity": null,
    "effect_id": null,
    "num_effects": null,
    "data": null
  }
},
{
  "model": "adventure.artifact",
  "pk": 4900,
  "fields": {
    "adventure": 275,
    "artifact_id": 18,
    "article": null,
    "name": "cutlass",
    "synonyms": null,
    "is_markdown": false,
    "description": "You see a guard's cutlass. It has a long, shiny blade of standard steel, and some nice metalwork on the hand guard.",
    "effect": null,
    "effect_inline": null,
    "room_id": null,
    "monster_id": 10,
    "container_id": null,
    "guard_id": null,
    "weight": 0,
    "value": 45,
    "type": 2,
    "is_worn": false,
    "is_open": false,
    "key_id": null,
    "linked_door_id": null,
    "hardiness": null,
    "weapon_type": 5,
    "hands": 1,
    "weapon_odds": 10,
    "dice": 1,
    "sides": 8,
    "clothing_type": null,
    "armor_class": 0,
    "armor_type": null,
    "armor_penalty": 0,
    "get_all": true,
    "embedded": false,
    "hidden": false,
    "quantity": null,
    "effect_id": null,
    "num_effects": null,
    "data": null
  }
},
{
  "model": "adventure.artifact",
  "pk": 4901,
  "fields": {
    "adventure": 275,
    "artifact_id": 19,
    "article": null,
    "name": "fire cannon",
    "synonyms": null,
    "is_markdown": false,
    "description": "Atop the wall is a large cannon manned by several soldiers. At its base is a large mechanism of gears which allow it to be turned in any direction. With a loud boom, it hurls a flaming projectile out into the battlefield, which explodes among the rebel army.",
    "effect": null,
    "effect_inline": null,
    "room_id": 18,
    "monster_id": null,
    "container_id": null,
    "guard_id": null,
    "weight": 999,
    "value": 0,
    "type": 1,
    "is_worn": false,
    "is_open": false,
    "key_id": null,
    "linked_door_id": null,
    "hardiness": null,
    "weapon_type": null,
    "hands": 1,
    "weapon_odds": null,
    "dice": null,
    "sides": null,
    "clothing_type": null,
    "armor_class": 0,
    "armor_type": null,
    "armor_penalty": 0,
    "get_all": true,
    "embedded": false,
    "hidden": false,
    "quantity": null,
    "effect_id": null,
    "num_effects": null,
    "data": null
  }
},
{
  "model": "adventure.artifact",
  "pk": 4902,
  "fields": {
    "adventure": 275,
    "artifact_id": 20,
    "article": null,
    "name": "broken fire cannon",
    "synonyms": null,
    "is_markdown": false,
    "description": "The cannon's firing mechanism has jammed and it stands here, useless.",
    "effect": null,
    "effect_inline": null,
    "room_id": null,
    "monster_id": null,
    "container_id": null,
    "guard_id": null,
    "weight": 999,
    "value": 0,
    "type": 1,
    "is_worn": false,
    "is_open": false,
    "key_id": null,
    "linked_door_id": null,
    "hardiness": null,
    "weapon_type": null,
    "hands": 1,
    "weapon_odds": null,
    "dice": null,
    "sides": null,
    "clothing_type": null,
    "armor_class": 0,
    "armor_type": null,
    "armor_penalty": 0,
    "get_all": true,
    "embedded": false,
    "hidden": false,
    "quantity": null,
    "effect_id": null,
    "num_effects": null,
    "data": null
  }
},
{
  "model": "adventure.artifact",
  "pk": 4903,
  "fields": {
    "adventure": 275,
    "artifact_id": 21,
    "article": null,
    "name": "servant's door",
    "synonyms": null,
    "is_markdown": false,
    "description": "You see a plain metal door in the south wall. It is sealed tightly and looks too sturdy to break down.",
    "effect": null,
    "effect_inline": null,
    "room_id": 19,
    "monster_id": null,
    "container_id": null,
    "guard_id": null,
    "weight": -999,
    "value": 0,
    "type": 8,
    "is_worn": false,
    "is_open": false,
    "key_id": -1,
    "linked_door_id": null,
    "hardiness": null,
    "weapon_type": null,
    "hands": 1,
    "weapon_odds": null,
    "dice": null,
    "sides": null,
    "clothing_type": null,
    "armor_class": 0,
    "armor_type": null,
    "armor_penalty": 0,
    "get_all": true,
    "embedded": false,
    "hidden": false,
    "quantity": null,
    "effect_id": null,
    "num_effects": null,
    "data": null
  }
},
{
  "model": "adventure.artifact",
  "pk": 4904,
  "fields": {
    "adventure": 275,
    "artifact_id": 22,
    "article": null,
    "name": "inner gate",
    "synonyms": null,
    "is_markdown": false,
    "description": "You see the massive gate leading to the inner complex. It is 15 feet high and made of heavy wood and finely wrought black steel.",
    "effect": null,
    "effect_inline": null,
    "room_id": 20,
    "monster_id": null,
    "container_id": null,
    "guard_id": null,
    "weight": -999,
    "value": 0,
    "type": 8,
    "is_worn": false,
    "is_open": false,
    "key_id": -1,
    "linked_door_id": null,
    "hardiness": null,
    "weapon_type": null,
    "hands": 1,
    "weapon_odds": null,
    "dice": null,
    "sides": null,
    "clothing_type": null,
    "armor_class": 0,
    "armor_type": null,
    "armor_penalty": 0,
    "get_all": true,
    "embedded": false,
    "hidden": false,
    "quantity": null,
    "effect_id": null,
    "num_effects": null,
    "data": null
  }
},
{
  "model": "adventure.artifact",
  "pk": 4905,
  "fields": {
    "adventure": 275,
    "artifact_id": 23,
    "article": null,
    "name": "destroyed inner gate",
    "synonyms": null,
    "is_markdown": false,
    "description": "You see the ruins of the inner gate, its finely wrought metal now a twisted hulk. One side hangs lazily from its hinges, and the other side has a hole big enough to drive a Knieriem steam-powered car through.",
    "effect": null,
    "effect_inline": null,
    "room_id": null,
    "monster_id": null,
    "container_id": null,
    "guard_id": null,
    "weight": -999,
    "value": 0,
    "type": 1,
    "is_worn": false,
    "is_open": false,
    "key_id": null,
    "linked_door_id": null,
    "hardiness": null,
    "weapon_type": null,
    "hands": 1,
    "weapon_odds": null,
    "dice": null,
    "sides": null,
    "clothing_type": null,
    "armor_class": 0,
    "armor_type": null,
    "armor_penalty": 0,
    "get_all": true,
    "embedded": false,
    "hidden": false,
    "quantity": null,
    "effect_id": null,
    "num_effects": null,
    "data": null
  }
},
{
  "model": "adventure.artifact",
  "pk": 4906,
  "fields": {
    "adventure": 275,
    "artifact_id": 24,
    "article": null,
    "name": "door",
    "synonyms": null,
    "is_markdown": false,
    "description": "There is a door in the south wall, with a key card slot in the wall next to it.",
    "effect": null,
    "effect_inline": null,
    "room_id": 22,
    "monster_id": null,
    "container_id": null,
    "guard_id": null,
    "weight": -999,
    "value": 0,
    "type": 8,
    "is_worn": false,
    "is_open": false,
    "key_id": 17,
    "linked_door_id": null,
    "hardiness": null,
    "weapon_type": null,
    "hands": 1,
    "weapon_odds": null,
    "dice": null,
    "sides": null,
    "clothing_type": null,
    "armor_class": 0,
    "armor_type": null,
    "armor_penalty": 0,
    "get_all": true,
    "embedded": false,
    "hidden": false,
    "quantity": null,
    "effect_id": null,
    "num_effects": null,
    "data": null
  }
},
{
  "model": "adventure.artifact",
  "pk": 4907,
  "fields": {
    "adventure": 275,
    "artifact_id": 25,
    "article": null,
    "name": "glass grenade",
    "synonyms": null,
    "is_markdown": false,
    "description": "You see a round glass vessel with metal bands around it and a metal lid. It contains a slimy, green liquid which glows eerily. It sits on a pedestal under a glass dome, which has written on it in red ink the words, \"Danger! Highly unstable!\"",
    "effect": null,
    "effect_inline": null,
    "room_id": 23,
    "monster_id": null,
    "container_id": null,
    "guard_id": null,
    "weight": 10,
    "value": 350,
    "type": 1,
    "is_worn": false,
    "is_open": false,
    "key_id": null,
    "linked_door_id": null,
    "hardiness": null,
    "weapon_type": null,
    "hands": 1,
    "weapon_odds": null,
    "dice": null,
    "sides": null,
    "clothing_type": null,
    "armor_class": 0,
    "armor_type": null,
    "armor_penalty": 0,
    "get_all": true,
    "embedded": false,
    "hidden": false,
    "quantity": null,
    "effect_id": null,
    "num_effects": null,
    "data": null
  }
},
{
  "model": "adventure.artifact",
  "pk": 4908,
  "fields": {
    "adventure": 275,
    "artifact_id": 26,
    "article": null,
    "name": "rifle",
    "synonyms": null,
    "is_markdown": false,
    "description": "You see a large, heavy rifle with several gauges and dials on the outside. There is a set of two glass lenses on the top, used for aiming at a distance. It looks difficult to use, but you think it would pack a wallop, if it works.",
    "effect": null,
    "effect_inline": null,
    "room_id": 23,
    "monster_id": null,
    "container_id": null,
    "guard_id": null,
    "weight": 20,
    "value": 120,
    "type": 2,
    "is_worn": false,
    "is_open": false,
    "key_id": null,
    "linked_door_id": null,
    "hardiness": null,
    "weapon_type": 2,
    "hands": 2,
    "weapon_odds": -15,
    "dice": 1,
    "sides": 20,
    "clothing_type": null,
    "armor_class": 0,
    "armor_type": null,
    "armor_penalty": 0,
    "get_all": true,
    "embedded": false,
    "hidden": false,
    "quantity": null,
    "effect_id": null,
    "num_effects": null,
    "data": null
  }
},
{
  "model": "adventure.artifact",
  "pk": 4909,
  "fields": {
    "adventure": 275,
    "artifact_id": 27,
    "article": null,
    "name": "servant's door",
    "synonyms": null,
    "is_markdown": false,
    "description": "You see a plain metal door in the south wall. It is sealed tightly and looks too sturdy to break down.",
    "effect": null,
    "effect_inline": null,
    "room_id": 26,
    "monster_id": null,
    "container_id": null,
    "guard_id": null,
    "weight": -999,
    "value": 0,
    "type": 8,
    "is_worn": false,
    "is_open": false,
    "key_id": -1,
    "linked_door_id": null,
    "hardiness": null,
    "weapon_type": null,
    "hands": 1,
    "weapon_odds": null,
    "dice": null,
    "sides": null,
    "clothing_type": null,
    "armor_class": 0,
    "armor_type": null,
    "armor_penalty": 0,
    "get_all": true,
    "embedded": false,
    "hidden": false,
    "quantity": null,
    "effect_id": null,
    "num_effects": null,
    "data": null
  }
},
{
  "model": "adventure.artifact",
  "pk": 4910,
  "fields": {
    "adventure": 275,
    "artifact_id": 28,
    "article": null,
    "name": "roast boar",
    "synonyms": null,
    "is_markdown": false,
    "description": "You see a succulent roast boar cooking on a spit over the fire. The aroma is mouth-watering.",
    "effect": null,
    "effect_inline": null,
    "room_id": 26,
    "monster_id": null,
    "container_id": null,
    "guard_id": null,
    "weight": 75,
    "value": 50,
    "type": 9,
    "is_worn": false,
    "is_open": false,
    "key_id": null,
    "linked_door_id": null,
    "hardiness": null,
    "weapon_type": null,
    "hands": 1,
    "weapon_odds": null,
    "dice": 1,
    "sides": 2,
    "clothing_type": null,
    "armor_class": 0,
    "armor_type": null,
    "armor_penalty": 0,
    "get_all": true,
    "embedded": false,
    "hidden": false,
    "quantity": 15,
    "effect_id": null,
    "num_effects": null,
    "data": null
  }
},
{
  "model": "adventure.artifact",
  "pk": 4911,
  "fields": {
    "adventure": 275,
    "artifact_id": 29,
    "article": null,
    "name": "water jugs",
    "synonyms": null,
    "is_markdown": false,
    "description": "You see three water jugs, tied together.",
    "effect": null,
    "effect_inline": null,
    "room_id": 26,
    "monster_id": null,
    "container_id": null,
    "guard_id": null,
    "weight": 20,
    "value": 5,
    "type": 6,
    "is_worn": false,
    "is_open": false,
    "key_id": null,
    "linked_door_id": null,
    "hardiness": null,
    "weapon_type": null,
    "hands": 1,
    "weapon_odds": null,
    "dice": null,
    "sides": null,
    "clothing_type": null,
    "armor_class": 0,
    "armor_type": null,
    "armor_penalty": 0,
    "get_all": true,
    "embedded": false,
    "hidden": false,
    "quantity": null,
    "effect_id": null,
    "num_effects": null,
    "data": null
  }
},
{
  "model": "adventure.artifact",
  "pk": 4912,
  "fields": {
    "adventure": 275,
    "artifact_id": 30,
    "article": null,
    "name": "uniforms",
    "synonyms": null,
    "is_markdown": false,
    "description": "You see some uniforms of the clone army. There are enough for everyone in your group.",
    "effect": null,
    "effect_inline": null,
    "room_id": 14,
    "monster_id": null,
    "container_id": null,
    "guard_id": null,
    "weight": 8,
    "value": 0,
    "type": 11,
    "is_worn": false,
    "is_open": false,
    "key_id": null,
    "linked_door_id": null,
    "hardiness": null,
    "weapon_type": null,
    "hands": 1,
    "weapon_odds": null,
    "dice": null,
    "sides": null,
    "clothing_type": null,
    "armor_class": 0,
    "armor_type": null,
    "armor_penalty": 0,
    "get_all": true,
    "embedded": false,
    "hidden": false,
    "quantity": null,
    "effect_id": null,
    "num_effects": null,
    "data": null
  }
},
{
  "model": "adventure.artifact",
  "pk": 4913,
  "fields": {
    "adventure": 275,
    "artifact_id": 31,
    "article": null,
    "name": "console",
    "synonyms": null,
    "is_markdown": false,
    "description": "You see a large console with many dials, gauges, and levers on it.",
    "effect": null,
    "effect_inline": null,
    "room_id": 32,
    "monster_id": null,
    "container_id": null,
    "guard_id": null,
    "weight": -999,
    "value": 0,
    "type": 1,
    "is_worn": false,
    "is_open": false,
    "key_id": null,
    "linked_door_id": null,
    "hardiness": null,
    "weapon_type": null,
    "hands": 1,
    "weapon_odds": null,
    "dice": null,
    "sides": null,
    "clothing_type": null,
    "armor_class": 0,
    "armor_type": null,
    "armor_penalty": 0,
    "get_all": true,
    "embedded": false,
    "hidden": false,
    "quantity": null,
    "effect_id": null,
    "num_effects": null,
    "data": null
  }
},
{
  "model": "adventure.artifact",
  "pk": 4914,
  "fields": {
    "adventure": 275,
    "artifact_id": 32,
    "article": null,
    "name": "bound rebel soldier",
    "synonyms": "Natty",
    "is_markdown": false,
    "description": "You see a large rebel soldier, bound in chains. He introduces himself as Natty of Nickleton and says \"About time you got here. Get these chains off me and we'll bust some clone heads!\"",
    "effect": null,
    "effect_inline": null,
    "room_id": 35,
    "monster_id": 18,
    "container_id": null,
    "guard_id": null,
    "weight": -999,
    "value": 0,
    "type": 10,
    "is_worn": false,
    "is_open": false,
    "key_id": null,
    "linked_door_id": null,
    "hardiness": null,
    "weapon_type": null,
    "hands": 1,
    "weapon_odds": null,
    "dice": null,
    "sides": null,
    "clothing_type": null,
    "armor_class": 0,
    "armor_type": null,
    "armor_penalty": 0,
    "get_all": true,
    "embedded": false,
    "hidden": false,
    "quantity": null,
    "effect_id": null,
    "num_effects": null,
    "data": null
  }
},
{
  "model": "adventure.artifact",
  "pk": 4915,
  "fields": {
    "adventure": 275,
    "artifact_id": 33,
    "article": null,
    "name": "bound dragon",
    "synonyms": null,
    "is_markdown": false,
    "description": "You see a large red dragon, bound in several layers of heavy chains.",
    "effect": null,
    "effect_inline": null,
    "room_id": 34,
    "monster_id": 19,
    "container_id": null,
    "guard_id": null,
    "weight": -999,
    "value": 0,
    "type": 10,
    "is_worn": false,
    "is_open": false,
    "key_id": null,
    "linked_door_id": null,
    "hardiness": null,
    "weapon_type": null,
    "hands": 1,
    "weapon_odds": null,
    "dice": null,
    "sides": null,
    "clothing_type": null,
    "armor_class": 0,
    "armor_type": null,
    "armor_penalty": 0,
    "get_all": true,
    "embedded": false,
    "hidden": false,
    "quantity": null,
    "effect_id": null,
    "num_effects": null,
    "data": null
  }
},
{
  "model": "adventure.artifact",
  "pk": 4916,
  "fields": {
    "adventure": 275,
    "artifact_id": 34,
    "article": null,
    "name": "Clonatorium",
    "synonyms": null,
    "is_markdown": false,
    "description": "You see a large machine with tanks of green fluid, surrounded by pipes and cables. There are human beings growing inside of it! It is the Clonatorium!",
    "effect": null,
    "effect_inline": null,
    "room_id": 30,
    "monster_id": null,
    "container_id": null,
    "guard_id": null,
    "weight": 999,
    "value": 0,
    "type": 1,
    "is_worn": false,
    "is_open": false,
    "key_id": null,
    "linked_door_id": null,
    "hardiness": 100,
    "weapon_type": null,
    "hands": 1,
    "weapon_odds": null,
    "dice": null,
    "sides": null,
    "clothing_type": null,
    "armor_class": 0,
    "armor_type": null,
    "armor_penalty": 0,
    "get_all": true,
    "embedded": false,
    "hidden": false,
    "quantity": null,
    "effect_id": null,
    "num_effects": null,
    "data": null
  }
},
{
  "model": "adventure.artifact",
  "pk": 4917,
  "fields": {
    "adventure": 275,
    "artifact_id": 35,
    "article": null,
    "name": "destroyed Clonatorium",
    "synonyms": null,
    "is_markdown": false,
    "description": "You see the ruins of the Clonatorium. The tanks are smashed and the pipes bent and mangled. It will never produce another clone again!",
    "effect": null,
    "effect_inline": null,
    "room_id": null,
    "monster_id": null,
    "container_id": null,
    "guard_id": null,
    "weight": 999,
    "value": 0,
    "type": 1,
    "is_worn": false,
    "is_open": false,
    "key_id": null,
    "linked_door_id": null,
    "hardiness": null,
    "weapon_type": null,
    "hands": 1,
    "weapon_odds": null,
    "dice": null,
    "sides": null,
    "clothing_type": null,
    "armor_class": 0,
    "armor_type": null,
    "armor_penalty": 0,
    "get_all": true,
    "embedded": false,
    "hidden": false,
    "quantity": null,
    "effect_id": null,
    "num_effects": null,
    "data": null
  }
},
{
  "model": "adventure.artifact",
  "pk": 4918,
  "fields": {
    "adventure": 275,
    "artifact_id": 36,
    "article": null,
    "name": "flamethrower",
    "synonyms": null,
    "is_markdown": false,
    "description": "You see a large weapon shaped like a gun, with a hose attached to the back leading to a glass tank of red, flammable liquid.",
    "effect": null,
    "effect_inline": null,
    "room_id": null,
    "monster_id": 21,
    "container_id": null,
    "guard_id": null,
    "weight": 25,
    "value": 1000,
    "type": 3,
    "is_worn": false,
    "is_open": false,
    "key_id": null,
    "linked_door_id": null,
    "hardiness": null,
    "weapon_type": 2,
    "hands": 2,
    "weapon_odds": 20,
    "dice": 3,
    "sides": 6,
    "clothing_type": null,
    "armor_class": 0,
    "armor_type": null,
    "armor_penalty": 0,
    "get_all": true,
    "embedded": false,
    "hidden": false,
    "quantity": null,
    "effect_id": null,
    "num_effects": null,
    "data": null
  }
},
{
  "model": "adventure.artifact",
  "pk": 4919,
  "fields": {
    "adventure": 275,
    "artifact_id": 37,
    "article": null,
    "name": "painting (secret passage east)",
    "synonyms": null,
    "is_markdown": false,
    "description": "You see a large painting on the wall showing the vast skyline of Knieriem City with its magnificent spires and arches. As you touch the frame, it shifts and you realize it is concealing a secret door to the east!",
    "effect": null,
    "effect_inline": null,
    "room_id": 40,
    "monster_id": null,
    "container_id": null,
    "guard_id": null,
    "weight": -999,
    "value": 0,
    "type": 8,
    "is_worn": false,
    "is_open": true,
    "key_id": null,
    "linked_door_id": null,
    "hardiness": null,
    "weapon_type": null,
    "hands": 1,
    "weapon_odds": null,
    "dice": null,
    "sides": null,
    "clothing_type": null,
    "armor_class": 0,
    "armor_type": null,
    "armor_penalty": 0,
    "get_all": true,
    "embedded": true,
    "hidden": true,
    "quantity": null,
    "effect_id": null,
    "num_effects": null,
    "data": null
  }
},
{
  "model": "adventure.artifact",
  "pk": 4920,
  "fields": {
    "adventure": 275,
    "artifact_id": 38,
    "article": null,
    "name": "painting",
    "synonyms": null,
    "is_markdown": false,
    "description": "You see a very, very odd painting in an old frame. You can't quite make out the name, something like \"Pickleman?\"",
    "effect": null,
    "effect_inline": null,
    "room_id": 41,
    "monster_id": null,
    "container_id": null,
    "guard_id": null,
    "weight": 10,
    "value": 200,
    "type": 1,
    "is_worn": false,
    "is_open": false,
    "key_id": null,
    "linked_door_id": null,
    "hardiness": null,
    "weapon_type": null,
    "hands": 1,
    "weapon_odds": null,
    "dice": null,
    "sides": null,
    "clothing_type": null,
    "armor_class": 0,
    "armor_type": null,
    "armor_penalty": 0,
    "get_all": true,
    "embedded": true,
    "hidden": false,
    "quantity": null,
    "effect_id": null,
    "num_effects": null,
    "data": null
  }
},
{
  "model": "adventure.artifact",
  "pk": 4921,
  "fields": {
    "adventure": 275,
    "artifact_id": 39,
    "article": null,
    "name": "Buddha statue",
    "synonyms": null,
    "is_markdown": false,
    "description": "You see a small jade statue of Buddha. Its beauty is captivating, alluring, distracting.",
    "effect": null,
    "effect_inline": null,
    "room_id": 41,
    "monster_id": null,
    "container_id": null,
    "guard_id": null,
    "weight": 20,
    "value": 500,
    "type": 1,
    "is_worn": false,
    "is_open": false,
    "key_id": null,
    "linked_door_id": null,
    "hardiness": null,
    "weapon_type": null,
    "hands": 1,
    "weapon_odds": null,
    "dice": null,
    "sides": null,
    "clothing_type": null,
    "armor_class": 0,
    "armor_type": null,
    "armor_penalty": 0,
    "get_all": true,
    "embedded": true,
    "hidden": false,
    "quantity": null,
    "effect_id": null,
    "num_effects": null,
    "data": null
  }
},
{
  "model": "adventure.artifact",
  "pk": 4922,
  "fields": {
    "adventure": 275,
    "artifact_id": 40,
    "article": null,
    "name": "canopy bed",
    "synonyms": null,
    "is_markdown": false,
    "description": "You see a large canopy bed surrounded by expensive silk curtains. On the nightstand is a painting of the Clone Master surrounded by four beautiful women who all look exactly alike.",
    "effect": null,
    "effect_inline": null,
    "room_id": 41,
    "monster_id": null,
    "container_id": null,
    "guard_id": null,
    "weight": -999,
    "value": 0,
    "type": 1,
    "is_worn": false,
    "is_open": false,
    "key_id": null,
    "linked_door_id": null,
    "hardiness": null,
    "weapon_type": null,
    "hands": 1,
    "weapon_odds": null,
    "dice": null,
    "sides": null,
    "clothing_type": null,
    "armor_class": 0,
    "armor_type": null,
    "armor_penalty": 0,
    "get_all": true,
    "embedded": true,
    "hidden": false,
    "quantity": null,
    "effect_id": null,
    "num_effects": null,
    "data": null
  }
},
{
  "model": "adventure.artifact",
  "pk": 4923,
  "fields": {
    "adventure": 275,
    "artifact_id": 41,
    "article": null,
    "name": "gold bars",
    "synonyms": null,
    "is_markdown": false,
    "description": "You see a pile of gold bars, welded together. When (of if) you make it home, they will be worth big bucks.",
    "effect": null,
    "effect_inline": null,
    "room_id": 42,
    "monster_id": null,
    "container_id": null,
    "guard_id": null,
    "weight": 100,
    "value": 2000,
    "type": 1,
    "is_worn": false,
    "is_open": false,
    "key_id": null,
    "linked_door_id": null,
    "hardiness": null,
    "weapon_type": null,
    "hands": 1,
    "weapon_odds": null,
    "dice": null,
    "sides": null,
    "clothing_type": null,
    "armor_class": 0,
    "armor_type": null,
    "armor_penalty": 0,
    "get_all": true,
    "embedded": false,
    "hidden": false,
    "quantity": null,
    "effect_id": null,
    "num_effects": null,
    "data": null
  }
},
{
  "model": "adventure.artifact",
  "pk": 4924,
  "fields": {
    "adventure": 275,
    "artifact_id": 42,
    "article": null,
    "name": "diamond",
    "synonyms": null,
    "is_markdown": false,
    "description": "You see the biggest diamond you have ever seen in your life here!",
    "effect": null,
    "effect_inline": null,
    "room_id": 42,
    "monster_id": null,
    "container_id": null,
    "guard_id": null,
    "weight": 10,
    "value": 1500,
    "type": 1,
    "is_worn": false,
    "is_open": false,
    "key_id": null,
    "linked_door_id": null,
    "hardiness": null,
    "weapon_type": null,
    "hands": 1,
    "weapon_odds": null,
    "dice": null,
    "sides": null,
    "clothing_type": null,
    "armor_class": 0,
    "armor_type": null,
    "armor_penalty": 0,
    "get_all": true,
    "embedded": false,
    "hidden": false,
    "quantity": null,
    "effect_id": null,
    "num_effects": null,
    "data": null
  }
},
{
  "model": "adventure.artifact",
  "pk": 4925,
  "fields": {
    "adventure": 275,
    "artifact_id": 43,
    "article": null,
    "name": "statue",
    "synonyms": null,
    "is_markdown": false,
    "description": "You see a small bronze statue here. It is finely crafted, though of rather cheap materials.",
    "effect": null,
    "effect_inline": null,
    "room_id": 25,
    "monster_id": null,
    "container_id": null,
    "guard_id": null,
    "weight": 100,
    "value": 300,
    "type": 1,
    "is_worn": false,
    "is_open": false,
    "key_id": null,
    "linked_door_id": null,
    "hardiness": null,
    "weapon_type": null,
    "hands": 1,
    "weapon_odds": null,
    "dice": null,
    "sides": null,
    "clothing_type": null,
    "armor_class": 0,
    "armor_type": null,
    "armor_penalty": 0,
    "get_all": true,
    "embedded": false,
    "hidden": false,
    "quantity": null,
    "effect_id": null,
    "num_effects": null,
    "data": null
  }
},
{
  "model": "adventure.artifact",
  "pk": 4926,
  "fields": {
    "adventure": 275,
    "artifact_id": 44,
    "article": null,
    "name": "dead soldiers",
    "synonyms": null,
    "is_markdown": false,
    "description": "You see the charred and mangled bodies of a group of clone soldiers, killed by the blast from the fire cannon.",
    "effect": null,
    "effect_inline": null,
    "room_id": null,
    "monster_id": null,
    "container_id": null,
    "guard_id": null,
    "weight": -999,
    "value": 0,
    "type": 13,
    "is_worn": false,
    "is_open": false,
    "key_id": null,
    "linked_door_id": null,
    "hardiness": null,
    "weapon_type": null,
    "hands": 1,
    "weapon_odds": null,
    "dice": null,
    "sides": null,
    "clothing_type": null,
    "armor_class": 0,
    "armor_type": null,
    "armor_penalty": 0,
    "get_all": false,
    "embedded": false,
    "hidden": false,
    "quantity": null,
    "effect_id": null,
    "num_effects": null,
    "data": null
  }
},
{
  "model": "adventure.artifact",
  "pk": 4927,
  "fields": {
    "adventure": 275,
    "artifact_id": 45,
    "article": null,
    "name": "resonant transformer",
    "synonyms": "coil",
    "is_markdown": false,
    "description": "You see the inventor's latest device sitting on a table top. It has wires all around the base, with a tall, slender shaft rising from it and a large metal ring at the top.",
    "effect": null,
    "effect_inline": null,
    "room_id": 39,
    "monster_id": null,
    "container_id": null,
    "guard_id": null,
    "weight": 40,
    "value": 500,
    "type": 1,
    "is_worn": false,
    "is_open": false,
    "key_id": null,
    "linked_door_id": null,
    "hardiness": null,
    "weapon_type": null,
    "hands": 1,
    "weapon_odds": null,
    "dice": null,
    "sides": null,
    "clothing_type": null,
    "armor_class": 0,
    "armor_type": null,
    "armor_penalty": 0,
    "get_all": true,
    "embedded": false,
    "hidden": false,
    "quantity": null,
    "effect_id": null,
    "num_effects": null,
    "data": null
  }
},
{
  "model": "adventure.effect",
  "pk": 1491,
  "fields": {
    "adventure": 275,
    "effect_id": 1,
    "is_markdown": false,
    "text": "Nasreen runs up and says, \"Wait! We need that to destroy the cloning machines.\" But it's too late. The fuse is already lit!",
    "style": null,
    "next": null,
    "next_inline": null
  }
},
{
  "model": "adventure.effect",
  "pk": 1492,
  "fields": {
    "adventure": 275,
    "effect_id": 2,
    "is_markdown": false,
    "text": "The guards inside the inner gate see your uniforms and wave to you. With a loud clanking sound, the huge inner gates roll open.",
    "style": null,
    "next": null,
    "next_inline": null
  }
},
{
  "model": "adventure.effect",
  "pk": 1493,
  "fields": {
    "adventure": 275,
    "effect_id": 3,
    "is_markdown": false,
    "text": "Once inside the gates, you smash the gears that open the gates. The gates can't be closed again.",
    "style": null,
    "next": null,
    "next_inline": null
  }
},
{
  "model": "adventure.effect",
  "pk": 1494,
  "fields": {
    "adventure": 275,
    "effect_id": 4,
    "is_markdown": false,
    "text": "The soldiers see that you aren't clones. They attack!",
    "style": "warning",
    "next": null,
    "next_inline": null
  }
},
{
  "model": "adventure.effect",
  "pk": 1495,
  "fields": {
    "adventure": 275,
    "effect_id": 5,
    "is_markdown": false,
    "text": "The cannon shoots a great fireball out into the middle of the clone army. It explodes with a boom, sending soldiers flying. A cheer goes up from the rebel army.",
    "style": null,
    "next": null,
    "next_inline": null
  }
},
{
  "model": "adventure.effect",
  "pk": 1496,
  "fields": {
    "adventure": 275,
    "effect_id": 6,
    "is_markdown": false,
    "text": "The fireball arcs in the air toward the tall, black spire of the power station. It seems to hit an invisible wall and explodes harmlessly over the inner courtyard.",
    "style": null,
    "next": null,
    "next_inline": null
  }
},
{
  "model": "adventure.effect",
  "pk": 1497,
  "fields": {
    "adventure": 275,
    "effect_id": 7,
    "is_markdown": false,
    "text": "A fireball flies toward the inner gate and impacts it with a resounding crash. Flames explode everywhere, reducing the massive gate to a pile of twisted metal.",
    "style": "success",
    "next": null,
    "next_inline": null
  }
},
{
  "model": "adventure.effect",
  "pk": 1498,
  "fields": {
    "adventure": 275,
    "effect_id": 8,
    "is_markdown": false,
    "text": "As you try to reload the cannon, the loading mechanism jams. Looks like the soldiers weren't keeping up with the required maintenance.",
    "style": null,
    "next": null,
    "next_inline": null
  }
},
{
  "model": "adventure.effect",
  "pk": 1499,
  "fields": {
    "adventure": 275,
    "effect_id": 9,
    "is_markdown": false,
    "text": "The armies rush toward each other and engage, firing their crossbows and rifles at each other. The rebel airships float toward the walls and begin dropping their round metal bombs. The clone soldiers return fire from a cannon mounted on the fortress wall.\r\n\r\nA huge airship rises from beyond the walls of the fortress and sails toward one of the rebel ships. The ships fire on each other. Within minutes they are both badly damaged, crashing toward the earth. The rebel ship lands on the eastern fortress wall, while the clone ship crashes onto the battlefield. The Clone Master and several of his generals disappear in the flames.\r\n\r\nThe two armies are still fighting. The clone army is defending the main gates, but your commando team should be able to sneak away to the east or west.",
    "style": null,
    "next": null,
    "next_inline": null
  }
},
{
  "model": "adventure.effect",
  "pk": 1500,
  "fields": {
    "adventure": 275,
    "effect_id": 10,
    "is_markdown": false,
    "text": "The dragon stretches and roars, then smashes its way out the door and flies off through the inner courtyard. You hear shouts and cries of pain from that direction, and you can see guards running everywhere. Whether they're trying to stop the dragon or get out of its way, you can't tell.",
    "style": "special",
    "next": null,
    "next_inline": null
  }
},
{
  "model": "adventure.effect",
  "pk": 1501,
  "fields": {
    "adventure": 275,
    "effect_id": 11,
    "is_markdown": false,
    "text": "You hack at the cloning machinery. The glass tanks shatter with a mighty crash, spilling sticky cloning fluid all over the floor. You chop at the pipes, mangle the valves, and snap the power cables. The Clonatorium is thoroughly destroyed!\r\n\r\nThe remaining machinery clanks and groans, raising a deafening clatter. Fires break out and grow quickly among the spilled oil from some of the machines. Outside the building, you hear shouts going in all directions.",
    "style": "special",
    "next": null,
    "next_inline": null
  }
},
{
  "model": "adventure.effect",
  "pk": 1502,
  "fields": {
    "adventure": 275,
    "effect_id": 12,
    "is_markdown": false,
    "text": "After the destruction of the clone army, the remaining fire fleets are quickly subdued. The rebels escort you back to Knieriem City and throw a party that lasts three weeks. Then they book your passage on one of the mighty, smoke-belching Knieriem steam ships and send you home.",
    "style": "success",
    "next": null,
    "next_inline": null
  }
},
{
  "model": "adventure.effect",
  "pk": 1503,
  "fields": {
    "adventure": 275,
    "effect_id": 13,
    "is_markdown": false,
    "text": "The inventor turns on his machine, which hums with a sharp buzzing sound. Small lightning bolts begin to appear in the air around the metal ring.\r\n\r\nThe inventor powers down the machine and says, \"This coil generates a high voltage. If you can attach it to the cloning machines, you may be able to damage them.\"\r\n\r\nHe continues in his strange accent, \"Now, I must return home to my lab. Thank you for creating a distraction so that I might escape.\" He hurries out the door.",
    "style": null,
    "next": null,
    "next_inline": null
  }
},
{
  "model": "adventure.effect",
  "pk": 1504,
  "fields": {
    "adventure": 275,
    "effect_id": 14,
    "is_markdown": false,
    "text": "You yank some power cables from the Clonatorium and plug them into the transformer. It emits a mighty crackling sound and soon the lightning bolts at the top grow larger and larger. You stand back and watch in awe as the bolts arc to the pipes and panels of the Clonatorium, burning dark holes in the metal. In moments, the entire Clonatorium is a wreck, and the transformer is melted and deformed.\r\n\r\nThe Clonatorium is thoroughly destroyed!\r\n\r\nThe remaining machinery clanks and groans, raising a deafening clatter. Fires break out and grow quickly among the spilled oil from some of the machines. Outside the building, you hear shouts going in all directions.",
    "style": "special",
    "next": null,
    "next_inline": null
  }
},
{
  "model": "adventure.effect",
  "pk": 1505,
  "fields": {
    "adventure": 275,
    "effect_id": 15,
    "is_markdown": false,
    "text": "You light the grenade and hurl it into the mass of machinery. It explodes into a ball of vicious green and purple flames. Cables snap and pipes are torn asunder, releasing oil which bursts into flames. In moments, the Clonatorium and all its cloning tanks are thoroughly destroyed!\r\n\r\nThe remaining machinery clanks and groans, raising a deafening clatter. Fires rage from the spilled oil. Outside the building, you hear shouts going in all directions.",
    "style": "special",
    "next": null,
    "next_inline": null
  }
},
{
  "model": "adventure.effect",
  "pk": 1507,
  "fields": {
    "adventure": 275,
    "effect_id": 16,
    "is_markdown": false,
    "text": "You light the grenade and throw it at your enemies. It explodes into a ball of vicious green and purple flame. Your foes recoil in horror as the flames scorch them.",
    "style": "special2",
    "next": null,
    "next_inline": null
  }
},
{
  "model": "adventure.monster",
  "pk": 2781,
  "fields": {
    "adventure": 275,
    "monster_id": 1,
    "article": null,
    "name": "Nasreen",
    "name_plural": null,
    "synonyms": null,
    "is_markdown": false,
    "description": "You see the leader of the commando mission, Nasreen of Northampton. She is wearing armor of black metal that looks surprisingly light and comfortable. She carries a heavy pistol which looks to be made from the same material.",
    "effect": null,
    "effect_inline": null,
    "count": 1,
    "hardiness": 20,
    "agility": 17,
    "friendliness": "friend",
    "friend_odds": 50,
    "combat_code": 0,
    "courage": 200,
    "pursues": true,
    "room_id": 1,
    "container_id": null,
    "gender": "female",
    "weapon_id": 1,
    "attack_odds": 60,
    "weapon_dice": 1,
    "weapon_sides": 6,
    "defense_bonus": 0,
    "armor_class": 5,
    "special": null,
    "data": null,
    "combat_verbs": null
  }
},
{
  "model": "adventure.monster",
  "pk": 2782,
  "fields": {
    "adventure": 275,
    "monster_id": 2,
    "article": null,
    "name": "Nevil",
    "name_plural": null,
    "synonyms": "n",
    "is_markdown": false,
    "description": "You see another rebel soldier, Nevil the Gnasher. He carries one of the rebels' metal clockwork crossbows.",
    "effect": null,
    "effect_inline": null,
    "count": 1,
    "hardiness": 17,
    "agility": 16,
    "friendliness": "friend",
    "friend_odds": 50,
    "combat_code": 0,
    "courage": 200,
    "pursues": true,
    "room_id": 2,
    "container_id": null,
    "gender": "male",
    "weapon_id": 2,
    "attack_odds": 50,
    "weapon_dice": 1,
    "weapon_sides": 4,
    "defense_bonus": 0,
    "armor_class": 4,
    "special": null,
    "data": null,
    "combat_verbs": null
  }
},
{
  "model": "adventure.monster",
  "pk": 2783,
  "fields": {
    "adventure": 275,
    "monster_id": 3,
    "article": null,
    "name": "Norwood",
    "name_plural": null,
    "synonyms": "v",
    "is_markdown": false,
    "description": "You see a third rebel soldier, Norwood the Nervous. He holds his sword nervously. This appears to be his first commando raid.",
    "effect": null,
    "effect_inline": null,
    "count": 1,
    "hardiness": 19,
    "agility": 15,
    "friendliness": "friend",
    "friend_odds": 50,
    "combat_code": 0,
    "courage": 80,
    "pursues": true,
    "room_id": 2,
    "container_id": null,
    "gender": "male",
    "weapon_id": 3,
    "attack_odds": 50,
    "weapon_dice": 1,
    "weapon_sides": 4,
    "defense_bonus": 0,
    "armor_class": 4,
    "special": null,
    "data": null,
    "combat_verbs": null
  }
},
{
  "model": "adventure.monster",
  "pk": 2784,
  "fields": {
    "adventure": 275,
    "monster_id": 5,
    "article": null,
    "name": "clone army",
    "name_plural": null,
    "synonyms": "clones",
    "is_markdown": false,
    "description": "The Clone Army is here. They are all men, all with identical uniforms, and identical faces, too. There must be hundreds of them. Seeing the same image staring at you from hundreds of different faces is unnerving. They prop up their shields and take aim at you with their strange metal crossbows.",
    "effect": null,
    "effect_inline": null,
    "count": 1,
    "hardiness": 12,
    "agility": 12,
    "friendliness": "hostile",
    "friend_odds": 0,
    "combat_code": 0,
    "courage": 1000,
    "pursues": true,
    "room_id": 4,
    "container_id": null,
    "gender": "none",
    "weapon_id": 0,
    "attack_odds": 50,
    "weapon_dice": 1,
    "weapon_sides": 4,
    "defense_bonus": 0,
    "armor_class": 2,
    "special": null,
    "data": null,
    "combat_verbs": null
  }
},
{
  "model": "adventure.monster",
  "pk": 2785,
  "fields": {
    "adventure": 275,
    "monster_id": 4,
    "article": null,
    "name": "rebel army",
    "name_plural": null,
    "synonyms": null,
    "is_markdown": false,
    "description": "Right behind you is the rebel army. They wear elaborate uniforms of leather and brass. The foot soldiers wear strange, round goggles, while the officers wear metal helmets with a spyglass mounted on them. Their weapons are a combination of swords, pikes, and heavy, clockwork-driven crossbows.",
    "effect": null,
    "effect_inline": null,
    "count": 1,
    "hardiness": 12,
    "agility": 12,
    "friendliness": "friend",
    "friend_odds": 50,
    "combat_code": 0,
    "courage": 1000,
    "pursues": true,
    "room_id": 3,
    "container_id": null,
    "gender": "none",
    "weapon_id": 0,
    "attack_odds": 50,
    "weapon_dice": 1,
    "weapon_sides": 6,
    "defense_bonus": 0,
    "armor_class": 3,
    "special": null,
    "data": null,
    "combat_verbs": null
  }
},
{
  "model": "adventure.monster",
  "pk": 2786,
  "fields": {
    "adventure": 275,
    "monster_id": 6,
    "article": null,
    "name": "Clone Master",
    "name_plural": null,
    "synonyms": null,
    "is_markdown": false,
    "description": "A small man in fancy metal and leather armor leads the army. He carries a pistol and wears leather-bound goggles. The rebels point him out as the Clone Master himself!",
    "effect": null,
    "effect_inline": null,
    "count": 1,
    "hardiness": 12,
    "agility": 12,
    "friendliness": "hostile",
    "friend_odds": 0,
    "combat_code": 0,
    "courage": 500,
    "pursues": true,
    "room_id": 4,
    "container_id": null,
    "gender": "male",
    "weapon_id": 0,
    "attack_odds": 50,
    "weapon_dice": 1,
    "weapon_sides": 4,
    "defense_bonus": 0,
    "armor_class": 3,
    "special": null,
    "data": null,
    "combat_verbs": null
  }
},
{
  "model": "adventure.monster",
  "pk": 2787,
  "fields": {
    "adventure": 275,
    "monster_id": 7,
    "article": null,
    "name": "clone soldier",
    "name_plural": null,
    "synonyms": null,
    "is_markdown": false,
    "description": "You see two clone soldiers in standard-issue uniforms. They look exactly alike.",
    "effect": null,
    "effect_inline": null,
    "count": 2,
    "hardiness": 15,
    "agility": 13,
    "friendliness": "hostile",
    "friend_odds": 50,
    "combat_code": -1,
    "courage": 150,
    "pursues": true,
    "room_id": 5,
    "container_id": null,
    "gender": "male",
    "weapon_id": 0,
    "attack_odds": 50,
    "weapon_dice": 1,
    "weapon_sides": 6,
    "defense_bonus": 0,
    "armor_class": 2,
    "special": null,
    "data": null,
    "combat_verbs": null
  }
},
{
  "model": "adventure.monster",
  "pk": 2788,
  "fields": {
    "adventure": 275,
    "monster_id": 8,
    "article": null,
    "name": "clone soldier",
    "name_plural": null,
    "synonyms": null,
    "is_markdown": false,
    "description": "You see two clone soldiers in standard-issue uniforms. They look exactly alike.",
    "effect": null,
    "effect_inline": null,
    "count": 2,
    "hardiness": 15,
    "agility": 13,
    "friendliness": "hostile",
    "friend_odds": 50,
    "combat_code": -1,
    "courage": 150,
    "pursues": true,
    "room_id": 7,
    "container_id": null,
    "gender": "male",
    "weapon_id": 0,
    "attack_odds": 50,
    "weapon_dice": 1,
    "weapon_sides": 6,
    "defense_bonus": 0,
    "armor_class": 2,
    "special": null,
    "data": null,
    "combat_verbs": null
  }
},
{
  "model": "adventure.monster",
  "pk": 2789,
  "fields": {
    "adventure": 275,
    "monster_id": 9,
    "article": null,
    "name": "clone soldier",
    "name_plural": null,
    "synonyms": null,
    "is_markdown": false,
    "description": "You see some clone soldiers in standard-issue uniforms. They look exactly alike.",
    "effect": null,
    "effect_inline": null,
    "count": 3,
    "hardiness": 15,
    "agility": 13,
    "friendliness": "hostile",
    "friend_odds": 50,
    "combat_code": 0,
    "courage": 150,
    "pursues": true,
    "room_id": 10,
    "container_id": null,
    "gender": "male",
    "weapon_id": 0,
    "attack_odds": 50,
    "weapon_dice": 1,
    "weapon_sides": 6,
    "defense_bonus": 0,
    "armor_class": 2,
    "special": null,
    "data": null,
    "combat_verbs": null
  }
},
{
  "model": "adventure.monster",
  "pk": 2790,
  "fields": {
    "adventure": 275,
    "monster_id": 10,
    "article": null,
    "name": "clone officer",
    "name_plural": null,
    "synonyms": null,
    "is_markdown": false,
    "description": "You see an officer of the clone army. He looks just like the soldiers, but for a bit of gray in his hair. He is sitting on a chair with his leg bandaged. He picks up a cutlass and brandishes it at you, while bracing himself on his desk.",
    "effect": null,
    "effect_inline": null,
    "count": 1,
    "hardiness": 16,
    "agility": 6,
    "friendliness": "hostile",
    "friend_odds": 0,
    "combat_code": -1,
    "courage": 150,
    "pursues": true,
    "room_id": 17,
    "container_id": null,
    "gender": "male",
    "weapon_id": 18,
    "attack_odds": 45,
    "weapon_dice": 1,
    "weapon_sides": 8,
    "defense_bonus": 0,
    "armor_class": 2,
    "special": null,
    "data": null,
    "combat_verbs": null
  }
},
{
  "model": "adventure.monster",
  "pk": 2791,
  "fields": {
    "adventure": 275,
    "monster_id": 11,
    "article": null,
    "name": "clone soldier",
    "name_plural": null,
    "synonyms": null,
    "is_markdown": false,
    "description": "You see a clone soldier.",
    "effect": null,
    "effect_inline": null,
    "count": 1,
    "hardiness": 15,
    "agility": 13,
    "friendliness": "hostile",
    "friend_odds": 0,
    "combat_code": 0,
    "courage": 150,
    "pursues": true,
    "room_id": 12,
    "container_id": null,
    "gender": "male",
    "weapon_id": 0,
    "attack_odds": 50,
    "weapon_dice": 1,
    "weapon_sides": 6,
    "defense_bonus": 0,
    "armor_class": 2,
    "special": null,
    "data": null,
    "combat_verbs": null
  }
},
{
  "model": "adventure.monster",
  "pk": 2792,
  "fields": {
    "adventure": 275,
    "monster_id": 12,
    "article": null,
    "name": "clone soldier",
    "name_plural": null,
    "synonyms": null,
    "is_markdown": false,
    "description": "You see five clone soldiers.",
    "effect": null,
    "effect_inline": null,
    "count": 5,
    "hardiness": 15,
    "agility": 13,
    "friendliness": "hostile",
    "friend_odds": 50,
    "combat_code": 0,
    "courage": 150,
    "pursues": true,
    "room_id": 21,
    "container_id": null,
    "gender": "male",
    "weapon_id": 0,
    "attack_odds": 50,
    "weapon_dice": 1,
    "weapon_sides": 6,
    "defense_bonus": 0,
    "armor_class": 2,
    "special": null,
    "data": null,
    "combat_verbs": null
  }
},
{
  "model": "adventure.monster",
  "pk": 2793,
  "fields": {
    "adventure": 275,
    "monster_id": 13,
    "article": null,
    "name": "Clone Master",
    "name_plural": null,
    "synonyms": null,
    "is_markdown": false,
    "description": "You see a small man wearing metal and leather armor, with a pair of leather-bound goggles pushed up onto his forehead. It's the Clone Master! Or maybe one of his clones?",
    "effect": null,
    "effect_inline": null,
    "count": 1,
    "hardiness": 11,
    "agility": 12,
    "friendliness": "hostile",
    "friend_odds": 0,
    "combat_code": 0,
    "courage": 100,
    "pursues": true,
    "room_id": 38,
    "container_id": null,
    "gender": "male",
    "weapon_id": 0,
    "attack_odds": 50,
    "weapon_dice": 1,
    "weapon_sides": 6,
    "defense_bonus": 0,
    "armor_class": 3,
    "special": null,
    "data": null,
    "combat_verbs": null
  }
},
{
  "model": "adventure.monster",
  "pk": 2794,
  "fields": {
    "adventure": 275,
    "monster_id": 14,
    "article": null,
    "name": "general",
    "name_plural": null,
    "synonyms": null,
    "is_markdown": false,
    "description": "You see three of the Clone Master's top generals. They are standing by the window, looking out at the battlefield. They look just like the soldiers but for fancier uniforms.",
    "effect": null,
    "effect_inline": null,
    "count": 3,
    "hardiness": 17,
    "agility": 14,
    "friendliness": "hostile",
    "friend_odds": 50,
    "combat_code": 0,
    "courage": 150,
    "pursues": true,
    "room_id": 38,
    "container_id": null,
    "gender": "male",
    "weapon_id": 0,
    "attack_odds": 50,
    "weapon_dice": 1,
    "weapon_sides": 6,
    "defense_bonus": 0,
    "armor_class": 2,
    "special": null,
    "data": null,
    "combat_verbs": null
  }
},
{
  "model": "adventure.monster",
  "pk": 2795,
  "fields": {
    "adventure": 275,
    "monster_id": 15,
    "article": null,
    "name": "inventor",
    "name_plural": null,
    "synonyms": null,
    "is_markdown": false,
    "description": "You see a man with dark hair and a mustache working on a metal contraption. He is unarmed. When he sees you enter, he puts his hands up and speaks with a distant accent.\r\n\r\n\"You are not clones,\" he says. \"You must be from Knieriem. The Clone Master kidnapped me from my laboratory in Knieriem City three months ago. He has been forcing me to keep the power plant running. I think I know a way out. There are servants' tunnels all over the compound, which you can use to get around without the guards noticing.\"",
    "effect": null,
    "effect_inline": null,
    "count": 1,
    "hardiness": 12,
    "agility": 12,
    "friendliness": "neutral",
    "friend_odds": 50,
    "combat_code": 0,
    "courage": 50,
    "pursues": true,
    "room_id": 39,
    "container_id": null,
    "gender": "male",
    "weapon_id": -1,
    "attack_odds": 50,
    "weapon_dice": 1,
    "weapon_sides": 4,
    "defense_bonus": 0,
    "armor_class": 0,
    "special": null,
    "data": null,
    "combat_verbs": null
  }
},
{
  "model": "adventure.monster",
  "pk": 2796,
  "fields": {
    "adventure": 275,
    "monster_id": 16,
    "article": null,
    "name": "guard",
    "name_plural": null,
    "synonyms": null,
    "is_markdown": false,
    "description": "A clone soldier is here, patrolling the prison and guarding the prisoners.",
    "effect": null,
    "effect_inline": null,
    "count": 1,
    "hardiness": 15,
    "agility": 13,
    "friendliness": "hostile",
    "friend_odds": 50,
    "combat_code": 0,
    "courage": 150,
    "pursues": true,
    "room_id": 33,
    "container_id": null,
    "gender": "male",
    "weapon_id": 0,
    "attack_odds": 50,
    "weapon_dice": 1,
    "weapon_sides": 6,
    "defense_bonus": 0,
    "armor_class": 2,
    "special": null,
    "data": null,
    "combat_verbs": null
  }
},
{
  "model": "adventure.monster",
  "pk": 2797,
  "fields": {
    "adventure": 275,
    "monster_id": 17,
    "article": null,
    "name": "hill giant",
    "name_plural": null,
    "synonyms": null,
    "is_markdown": false,
    "description": "You see a badly beaten hill giant. Her hair is burned and her skin is badly scarred. In a guttural tongue, she explains that the Clone Master was experimenting on her to see if he could create an army of giants.",
    "effect": null,
    "effect_inline": null,
    "count": 1,
    "hardiness": 30,
    "agility": 8,
    "friendliness": "random",
    "friend_odds": 60,
    "combat_code": 0,
    "courage": 100,
    "pursues": true,
    "room_id": 36,
    "container_id": null,
    "gender": "female",
    "weapon_id": 0,
    "attack_odds": 50,
    "weapon_dice": 1,
    "weapon_sides": 8,
    "defense_bonus": 0,
    "armor_class": 1,
    "special": null,
    "data": null,
    "combat_verbs": null
  }
},
{
  "model": "adventure.monster",
  "pk": 2798,
  "fields": {
    "adventure": 275,
    "monster_id": 18,
    "article": null,
    "name": "Natty",
    "name_plural": null,
    "synonyms": null,
    "is_markdown": false,
    "description": "You see a disheveled soldier in a tattered rebel uniform. He thanks you for freeing him and introduces himself as Natty of Nickleton.",
    "effect": null,
    "effect_inline": null,
    "count": 1,
    "hardiness": 21,
    "agility": 15,
    "friendliness": "friend",
    "friend_odds": 200,
    "combat_code": -1,
    "courage": 200,
    "pursues": true,
    "room_id": null,
    "container_id": null,
    "gender": "male",
    "weapon_id": 0,
    "attack_odds": 55,
    "weapon_dice": 1,
    "weapon_sides": 6,
    "defense_bonus": 0,
    "armor_class": 1,
    "special": null,
    "data": null,
    "combat_verbs": null
  }
},
{
  "model": "adventure.monster",
  "pk": 2799,
  "fields": {
    "adventure": 275,
    "monster_id": 19,
    "article": null,
    "name": "red dragon",
    "name_plural": null,
    "synonyms": null,
    "is_markdown": false,
    "description": "The dragon stands up and shakes its mighty head. It snarls at you and breathes a gout of flame toward the ceiling.",
    "effect": null,
    "effect_inline": null,
    "count": 1,
    "hardiness": 35,
    "agility": 19,
    "friendliness": "neutral",
    "friend_odds": 50,
    "combat_code": 0,
    "courage": 200,
    "pursues": true,
    "room_id": null,
    "container_id": null,
    "gender": "male",
    "weapon_id": 0,
    "attack_odds": 60,
    "weapon_dice": 3,
    "weapon_sides": 6,
    "defense_bonus": 0,
    "armor_class": 4,
    "special": null,
    "data": null,
    "combat_verbs": null
  }
},
{
  "model": "adventure.monster",
  "pk": 2800,
  "fields": {
    "adventure": 275,
    "monster_id": 20,
    "article": null,
    "name": "clone soldier",
    "name_plural": null,
    "synonyms": null,
    "is_markdown": false,
    "description": "A large group of soldiers is stationed outside the building, blocking your entrance.",
    "effect": null,
    "effect_inline": null,
    "count": 20,
    "hardiness": 15,
    "agility": 13,
    "friendliness": "hostile",
    "friend_odds": 50,
    "combat_code": 0,
    "courage": 200,
    "pursues": false,
    "room_id": 28,
    "container_id": null,
    "gender": "male",
    "weapon_id": 0,
    "attack_odds": 50,
    "weapon_dice": 1,
    "weapon_sides": 6,
    "defense_bonus": 0,
    "armor_class": 2,
    "special": null,
    "data": null,
    "combat_verbs": null
  }
},
{
  "model": "adventure.monster",
  "pk": 2801,
  "fields": {
    "adventure": 275,
    "monster_id": 21,
    "article": null,
    "name": "Clone Master",
    "name_plural": null,
    "synonyms": null,
    "is_markdown": false,
    "description": "You see the Clone Master, looking exactly as you remembered him, except with fewer scars. His hair is wet with what smells like cloning fluid and he is just putting on his helmet. He picks up a large device that looks like a gun attached to a hose and a tank. He says, \"You ruined my best suit of armor. Now it's time to die, rebel scum!\"",
    "effect": null,
    "effect_inline": null,
    "count": 1,
    "hardiness": 11,
    "agility": 12,
    "friendliness": "hostile",
    "friend_odds": 50,
    "combat_code": 0,
    "courage": 200,
    "pursues": true,
    "room_id": 30,
    "container_id": null,
    "gender": "male",
    "weapon_id": 36,
    "attack_odds": 50,
    "weapon_dice": 1,
    "weapon_sides": 4,
    "defense_bonus": 0,
    "armor_class": 0,
    "special": null,
    "data": null,
    "combat_verbs": null
  }
},
{
  "model": "adventure.monster",
  "pk": 2802,
  "fields": {
    "adventure": 275,
    "monster_id": 22,
    "article": null,
    "name": "clone soldier",
    "name_plural": null,
    "synonyms": null,
    "is_markdown": false,
    "description": "You see several clone soldiers. They are just donning their uniforms. They must be freshly cloned.",
    "effect": null,
    "effect_inline": null,
    "count": 3,
    "hardiness": 15,
    "agility": 13,
    "friendliness": "hostile",
    "friend_odds": 50,
    "combat_code": 0,
    "courage": 200,
    "pursues": true,
    "room_id": 30,
    "container_id": null,
    "gender": "male",
    "weapon_id": 0,
    "attack_odds": 50,
    "weapon_dice": 1,
    "weapon_sides": 6,
    "defense_bonus": 0,
    "armor_class": 1,
    "special": null,
    "data": null,
    "combat_verbs": null
  }
},
{
  "model": "adventure.monster",
  "pk": 2803,
  "fields": {
    "adventure": 275,
    "monster_id": 23,
    "article": null,
    "name": "clone soldier",
    "name_plural": null,
    "synonyms": null,
    "is_markdown": false,
    "description": "You see a clone soldier running toward the clone lab.",
    "effect": null,
    "effect_inline": null,
    "count": 1,
    "hardiness": 15,
    "agility": 13,
    "friendliness": "hostile",
    "friend_odds": 50,
    "combat_code": 0,
    "courage": 150,
    "pursues": true,
    "room_id": null,
    "container_id": null,
    "gender": "male",
    "weapon_id": 0,
    "attack_odds": 50,
    "weapon_dice": 1,
    "weapon_sides": 6,
    "defense_bonus": 0,
    "armor_class": 2,
    "special": null,
    "data": null,
    "combat_verbs": null
  }
},
{
  "model": "adventure.monster",
  "pk": 2804,
  "fields": {
    "adventure": 275,
    "monster_id": 24,
    "article": null,
    "name": "panicking soldier",
    "name_plural": null,
    "synonyms": null,
    "is_markdown": false,
    "description": "You see a disheveled clone soldier running from the rebel army.",
    "effect": null,
    "effect_inline": null,
    "count": 1,
    "hardiness": 15,
    "agility": 13,
    "friendliness": "hostile",
    "friend_odds": 50,
    "combat_code": 0,
    "courage": 30,
    "pursues": true,
    "room_id": null,
    "container_id": null,
    "gender": "male",
    "weapon_id": 0,
    "attack_odds": 50,
    "weapon_dice": 1,
    "weapon_sides": 6,
    "defense_bonus": 0,
    "armor_class": 2,
    "special": null,
    "data": null,
    "combat_verbs": null
  }
},
{
  "model": "adventure.monster",
  "pk": 2805,
  "fields": {
    "adventure": 275,
    "monster_id": 25,
    "article": null,
    "name": "panicking soldier",
    "name_plural": null,
    "synonyms": null,
    "is_markdown": false,
    "description": "You see a disheveled clone soldier running from the rebel army.",
    "effect": null,
    "effect_inline": null,
    "count": 1,
    "hardiness": 15,
    "agility": 13,
    "friendliness": "hostile",
    "friend_odds": 50,
    "combat_code": 0,
    "courage": 30,
    "pursues": true,
    "room_id": null,
    "container_id": null,
    "gender": "male",
    "weapon_id": null,
    "attack_odds": 50,
    "weapon_dice": 1,
    "weapon_sides": 6,
    "defense_bonus": 0,
    "armor_class": 2,
    "special": null,
    "data": null,
    "combat_verbs": null
  }
},
{
  "model": "adventure.monster",
  "pk": 2806,
  "fields": {
    "adventure": 275,
    "monster_id": 26,
    "article": null,
    "name": "lion",
    "name_plural": null,
    "synonyms": null,
    "is_markdown": false,
    "description": "You see the Clone Master's pet: A beautiful lion. He has not been declawed.",
    "effect": null,
    "effect_inline": null,
    "count": 1,
    "hardiness": 24,
    "agility": 16,
    "friendliness": "hostile",
    "friend_odds": 50,
    "combat_code": 0,
    "courage": 150,
    "pursues": true,
    "room_id": 40,
    "container_id": null,
    "gender": "male",
    "weapon_id": 0,
    "attack_odds": 50,
    "weapon_dice": 2,
    "weapon_sides": 6,
    "defense_bonus": 0,
    "armor_class": 1,
    "special": null,
    "data": null,
    "combat_verbs": null
  }
},
{
  "model": "adventure.monster",
  "pk": 2807,
  "fields": {
    "adventure": 275,
    "monster_id": 27,
    "article": null,
    "name": "clone gunner",
    "name_plural": null,
    "synonyms": "soldier,soldiers",
    "is_markdown": false,
    "description": "You see some clone soldiers manning the big fire cannon.",
    "effect": null,
    "effect_inline": null,
    "count": 3,
    "hardiness": 15,
    "agility": 13,
    "friendliness": "hostile",
    "friend_odds": 50,
    "combat_code": 0,
    "courage": 150,
    "pursues": true,
    "room_id": 18,
    "container_id": null,
    "gender": "male",
    "weapon_id": 0,
    "attack_odds": 55,
    "weapon_dice": 1,
    "weapon_sides": 8,
    "defense_bonus": 0,
    "armor_class": 2,
    "special": null,
    "data": null,
    "combat_verbs": null
  }
},
{
  "model": "adventure.monster",
  "pk": 2808,
  "fields": {
    "adventure": 275,
    "monster_id": 28,
    "article": null,
    "name": "servant",
    "name_plural": null,
    "synonyms": null,
    "is_markdown": false,
    "description": "You see two of the Clone Master's servants. They are carrying the bodies of dead soldiers through the tunnels.",
    "effect": null,
    "effect_inline": null,
    "count": 2,
    "hardiness": 10,
    "agility": 10,
    "friendliness": "hostile",
    "friend_odds": 50,
    "combat_code": 0,
    "courage": 50,
    "pursues": true,
    "room_id": 45,
    "container_id": null,
    "gender": "male",
    "weapon_id": 0,
    "attack_odds": 45,
    "weapon_dice": 1,
    "weapon_sides": 4,
    "defense_bonus": 0,
    "armor_class": 0,
    "special": null,
    "data": null,
    "combat_verbs": null
  }
},
{
  "model": "adventure.hint",
  "pk": 431,
  "fields": {
    "adventure": 275,
    "index": 2,
    "edx": "n/a",
    "question": "How do I get through the inner gate?"
  }
},
{
  "model": "adventure.hint",
  "pk": 432,
  "fields": {
    "adventure": 275,
    "index": 3,
    "edx": "n/a",
    "question": "How do I open the door in the servants' quarters and the kitchens?"
  }
},
{
  "model": "adventure.hint",
  "pk": 433,
  "fields": {
    "adventure": 275,
    "index": 4,
    "edx": null,
    "question": "How do I open the locked doors in the inner courtyard?"
  }
},
{
  "model": "adventure.hint",
  "pk": 434,
  "fields": {
    "adventure": 275,
    "index": 5,
    "edx": null,
    "question": "There are too many soldiers! How do I get into the clone lab?"
  }
},
{
  "model": "adventure.hint",
  "pk": 435,
  "fields": {
    "adventure": 275,
    "index": 6,
    "edx": null,
    "question": "How do I destroy the Clonatorium?"
  }
},
{
  "model": "adventure.hint",
  "pk": 532,
  "fields": {
    "adventure": 275,
    "index": 1,
    "edx": null,
    "question": "General Hints"
  }
},
{
  "model": "adventure.hintanswer",
  "pk": 636,
  "fields": {
    "adventure": 275,
    "hint": 431,
    "index": 1,
    "answer": "There are two ways. Look around the buildings in the outer courtyard for items that might help.",
    "spoiler": false
  }
},
{
  "model": "adventure.hintanswer",
  "pk": 637,
  "fields": {
    "adventure": 275,
    "hint": 432,
    "index": 1,
    "answer": "Some doors can only be opened from the other side.",
    "spoiler": false
  }
},
{
  "model": "adventure.hintanswer",
  "pk": 638,
  "fields": {
    "adventure": 275,
    "hint": 433,
    "index": 1,
    "answer": "In Knieriem, they use metal punch cards as keys. Try searching the buildings in the outer courtyard.",
    "spoiler": false
  }
},
{
  "model": "adventure.hintanswer",
  "pk": 639,
  "fields": {
    "adventure": 275,
    "hint": 434,
    "index": 1,
    "answer": "Try creating a diversion. There are a couple ways to do this, and each one will reduce the number of soldiers.",
    "spoiler": false
  }
},
{
  "model": "adventure.hintanswer",
  "pk": 640,
  "fields": {
    "adventure": 275,
    "hint": 434,
    "index": 2,
    "answer": "Or you could try looking for secret doors...",
    "spoiler": false
  }
},
{
  "model": "adventure.hintanswer",
  "pk": 641,
  "fields": {
    "adventure": 275,
    "hint": 435,
    "index": 1,
    "answer": "There are several ways to do this. Try looking for some items that you could USE to destroy it.",
    "spoiler": false
  }
},
{
  "model": "adventure.hintanswer",
  "pk": 642,
  "fields": {
    "adventure": 275,
    "hint": 435,
    "index": 2,
    "answer": "If you can't find the items, remember that you can ATTACK inanimate objects. But, the longer you take, the more soldiers will show up to try to stop you.",
    "spoiler": false
  }
},
{
  "model": "adventure.hintanswer",
  "pk": 827,
  "fields": {
    "adventure": 275,
    "hint": 431,
    "index": 2,
    "answer": "If you find some clone soldier uniforms, the soldiers will open the gate.",
    "spoiler": true
  }
},
{
  "model": "adventure.hintanswer",
  "pk": 828,
  "fields": {
    "adventure": 275,
    "hint": 431,
    "index": 3,
    "answer": "Or you could blow up the gate using the fire cannon.",
    "spoiler": true
  }
},
{
  "model": "adventure.hintanswer",
  "pk": 829,
  "fields": {
    "adventure": 275,
    "hint": 434,
    "index": 3,
    "answer": "Free the dragon and use the power console to shut down the power. Each of these will distract some of the guards.",
    "spoiler": true
  }
},
{
  "model": "adventure.hintanswer",
  "pk": 830,
  "fields": {
    "adventure": 275,
    "hint": 435,
    "index": 3,
    "answer": "USE the glass grenade or the resonant transformer. Those are the fastest ways.",
    "spoiler": true
  }
},
{
  "model": "adventure.hintanswer",
  "pk": 831,
  "fields": {
    "adventure": 275,
    "hint": 532,
    "index": 1,
    "answer": "There are at least two ways to accomplish most of the tasks in this adventure. Depending on which you find first, you could have a completely different experience.",
    "spoiler": false
  }
},
{
  "model": "adventure.hintanswer",
  "pk": 832,
  "fields": {
    "adventure": 275,
    "hint": 532,
    "index": 2,
    "answer": "Easter egg: Does the inventor and his invention remind you of anyone from Earth history?",
    "spoiler": false
  }
},
{
  "model": "adventure.hintanswer",
  "pk": 833,
  "fields": {
    "adventure": 275,
    "hint": 434,
    "index": 4,
    "answer": "The glass grenade is also useful for attacking large groups of enemies (USE GRENADE). But you only get one shot at it.",
    "spoiler": false
  }
}
]
